episode,action,relative_q,weight,player_mana_pct,player_hp_pct,fight_progress_pct,time_remaining_sec,target_hp_pct,num_targets,target2_has_havoc,nightfall_proc_active,decimation_rem_sec,shadow_and_flame_rem_sec,trinket_rem_sec,racial_rem_sec,eureka_charges,dot_corruption_rem_sec,dot_agony_rem_sec,dot_doom_rem_sec,dot_immolate_rem_sec,dot_siphon_life_rem_sec,dot_wrack_rem_sec,isb_charges_rem,cd_conflagrate_sec,cd_shadowburn_sec,cd_curse_of_doom_sec,cd_racial_sec
0,6,0,1.27657479,1,1,0,193.528748,1,1,0,0,0,0,15,0,0,0,0,0,0,0,0,0,0,0,0,0
0,23,-15.0971624,1.27657479,1,1,0,193.528748,1,1,0,0,0,0,15,0,0,0,0,0,0,0,0,0,0,0,0,0
0,12,-16.2218804,1.27657479,1,1,0,193.528748,1,1,0,0,0,0,15,0,0,0,0,0,0,0,0,0,0,0,0,0
0,15,-23.6388317,1.27657479,1,1,0,193.528748,1,1,0,0,0,0,15,0,0,0,0,0,0,0,0,0,0,0,0,0
0,5,-31.6379564,1.27657479,1,1,0,193.528748,1,1,0,0,0,0,15,0,0,0,0,0,0,0,0,0,0,0,0,0
0,23,0,0.396291891,0.731018603,1,0.0439211242,185.028748,0.956078887,1,0,0,0,0,6.5,0,0,13,51.5,51.5,0,0,0,0,0,0,51.5,0
0,0,-4.75265993,0.396291891,0.731018603,1,0.0439211242,185.028748,0.956078887,1,0,0,0,0,6.5,0,0,13,51.5,51.5,0,0,0,0,0,0,51.5,0
0,15,-12.5796157,0.396291891,0.731018603,1,0.0439211242,185.028748,0.956078887,1,0,0,0,0,6.5,0,0,13,51.5,51.5,0,0,0,0,0,0,51.5,0
0,0,0,0.1,0.439686328,1,0.0955930352,175.028748,0.904406965,1,0,0,0,0,0,0,0,3,41.5,41.5,0,0,0,0,0,0,41.5,0
0,23,-0.816416465,0.1,0.439686328,1,0.0955930352,175.028748,0.904406965,1,0,0,0,0,0,0,0,3,41.5,41.5,0,0,0,0,0,0,41.5,0
0,15,-5.10331411,0.1,0.439686328,1,0.0955930352,175.028748,0.904406965,1,0,0,0,0,0,0,0,3,41.5,41.5,0,0,0,0,0,0,41.5,0
0,15,0,0.166569409,0.345080405,0.870657265,0.139514163,166.528748,0.860485852,1,0,0,0,0,0,0,0,15.5,33,33,0,0,0,0,0,0,33,0
0,0,-1.65407883,0.166569409,0.345080405,0.870657265,0.139514163,166.528748,0.860485852,1,0,0,0,0,0,0,0,15.5,33,33,0,0,0,0,0,0,33,0
0,23,-2.68589244,0.166569409,0.345080405,0.870657265,0.139514163,166.528748,0.860485852,1,0,0,0,0,0,0,0,15.5,33,33,0,0,0,0,0,0,33,0
0,23,0,0.274007691,0.241996557,0.741314471,0.180851698,158.528748,0.819148302,1,0,0,0,0,0,0,0,7.5,25,25,8.5,0,0,0,0,0,25,0
0,0,-3.1142694,0.274007691,0.241996557,0.741314471,0.180851698,158.528748,0.819148302,1,0,0,0,0,0,0,0,7.5,25,25,8.5,0,0,0,0,0,25,0
0,23,0,0.1,0.328702599,0.482628971,0.222189218,150.528748,0.777810752,1,0,0,0,0,0,0,0,0,17,17,0.5,0,0,0,0,0,17,0
0,0,-0.262657399,0.1,0.328702599,0.482628971,0.222189218,150.528748,0.777810752,1,0,0,0,0,0,0,0,0,17,17,0.5,0,0,0,0,0,17,0
0,12,-10.5021152,0.1,0.328702599,0.482628971,0.222189218,150.528748,0.777810752,1,0,0,0,0,0,0,0,0,17,17,0.5,0,0,0,0,0,17,0
0,15,0,0.123996645,0.234096661,0.353286207,0.266110331,142.028748,0.733889639,1,0,0,0,0,0,0,0,14,8.5,8.5,0,0,0,0,0,0,8.5,0
0,0,-1.12003985,0.123996645,0.234096661,0.353286207,0.266110331,142.028748,0.733889639,1,0,0,0,0,0,0,0,14,8.5,8.5,0,0,0,0,0,0,8.5,0
0,23,-1.91098077,0.123996645,0.234096661,0.353286207,0.266110331,142.028748,0.733889639,1,0,0,0,0,0,0,0,14,8.5,8.5,0,0,0,0,0,0,8.5,0
0,23,0,0.324707188,0.320031971,0.0946006924,0.302280694,135.028748,0.697719336,1,0,0,0,0,0,0,0,7,1.5,1.5,9.5,0,0,0,0,0,1.5,0
0,0,-2.82830168,0.324707188,0.320031971,0.0946006924,0.302280694,135.028748,0.697719336,1,0,0,0,0,0,0,0,7,1.5,1.5,9.5,0,0,0,0,0,1.5,0
0,23,0,0.167881599,0.233133271,0.00030079711,0.343618214,127.02874,0.656381786,1,0,0,0,0,0,0,0,0,56,56,1.5,0,0,0,0,0,56,0
0,12,-1.21161838,0.167881599,0.233133271,0.00030079711,0.343618214,127.02874,0.656381786,1,0,0,0,0,0,0,0,0,56,56,1.5,0,0,0,0,0,56,0
0,0,-7.02174214,0.167881599,0.233133271,0.00030079711,0.343618214,127.02874,0.656381786,1,0,0,0,0,0,0,0,0,56,56,1.5,0,0,0,0,0,56,0
0,23,0,0.1,0.326775789,0.00030079711,0.382372141,119.52874,0.617627859,1,0,0,0,0,0,0,0,16.5,48.5,48.5,0,0,0,0,0,0,48.5,0
0,15,-0.0984637375,0.1,0.326775789,0.00030079711,0.382372141,119.52874,0.617627859,1,0,0,0,0,0,0,0,16.5,48.5,48.5,0,0,0,0,0,0,48.5,0
0,0,-2.82604193,0.1,0.326775789,0.00030079711,0.382372141,119.52874,0.617627859,1,0,0,0,0,0,0,0,16.5,48.5,48.5,0,0,0,0,0,0,48.5,0
0,15,0,1.00075068,0.224462658,0.00030079711,0.428876877,110.52874,0.571123123,1,0,0,0,0,0,0,0,7.5,39.5,39.5,0,0,0,0,0,0,39.5,0
0,23,-8.13270781,1.00075068,0.224462658,0.00030079711,0.428876877,110.52874,0.571123123,1,0,0,0,0,0,0,0,7.5,39.5,39.5,0,0,0,0,0,0,39.5,0
0,0,-12.4699664,1.00075068,0.224462658,0.00030079711,0.428876877,110.52874,0.571123123,1,0,0,0,0,0,0,0,7.5,39.5,39.5,0,0,0,0,0,0,39.5,0
0,0,0,0.323383813,0.310397983,0.00030079711,0.46504721,103.52874,0.534952819,1,0,0,0,0,15,0,0,0.5,32.5,32.5,0,0,0,0,0,0,32.5,0
0,15,-2.40162551,0.323383813,0.310397983,0.00030079711,0.46504721,103.52874,0.534952819,1,0,0,0,0,15,0,0,0.5,32.5,32.5,0,0,0,0,0,0,32.5,0
0,23,-5.55847938,0.323383813,0.310397983,0.00030079711,0.46504721,103.52874,0.534952819,1,0,0,0,0,15,0,0,0.5,32.5,32.5,0,0,0,0,0,0,32.5,0
0,15,0,2.67174213,0.21579206,0.00030079711,0.508968353,95.0287399,0.491031677,1,0,0,0,0,6.5,0,0,13,24,24,0,0,0,0,0,0,24,0
0,23,-18.5684502,2.67174213,0.21579206,0.00030079711,0.508968353,95.0287399,0.491031677,1,0,0,0,0,6.5,0,0,13,24,24,0,0,0,0,0,0,24,0
0,0,-21.0215519,2.67174213,0.21579206,0.00030079711,0.508968353,95.0287399,0.491031677,1,0,0,0,0,6.5,0,0,13,24,24,0,0,0,0,0,0,24,0
0,0,0,0.1,0.302498102,0.00030079711,0.545138657,88.0287399,0.454861343,1,0,0,0,0,0,0,0,6,17,17,9.5,0,0,0,0,0,17,0
0,23,-0.17600564,0.1,0.302498102,0.00030079711,0.545138657,88.0287399,0.454861343,1,0,0,0,0,0,0,0,6,17,17,9.5,0,0,0,0,0,17,0
0,23,0,0.516985274,0.207121462,0.00030079711,0.58905977,79.5287399,0.4109402,1,0,0,0,0,0,0,0,18,8.5,8.5,1,0,0,4,0,0,8.5,0
0,0,-3.65636762,0.516985274,0.207121462,0.00030079711,0.58905977,79.5287399,0.4109402,1,0,0,0,0,0,0,0,18,8.5,8.5,1,0,0,4,0,0,8.5,0
0,23,0,1.01624432,0.293827504,0.00030079711,0.63039732,71.5287399,0.36960268,1,0,0,8.5,0,0,0,0,10,0.5,0.5,0,0,0,4,0,0,0.5,0
0,0,-6.08402167,1.01624432,0.293827504,0.00030079711,0.63039732,71.5287399,0.36960268,1,0,0,8.5,0,0,0,0,10,0.5,0.5,0,0,0,4,0,0,0.5,0
0,15,-6.09382768,1.01624432,0.293827504,0.00030079711,0.63039732,71.5287399,0.36960268,1,0,0,8.5,0,0,0,0,10,0.5,0.5,0,0,0,4,0,0,0.5,0
0,23,0,0.260766221,0.214828655,0.00030079711,0.671218157,63.6287422,0.328781873,1,0,0,4.5999999,0,0,0,0,2.0999999,58.5,58.5,0,0,0,0,0,0,58.5,0
0,15,-1.69527584,0.260766221,0.214828655,0.00030079711,0.671218157,63.6287422,0.328781873,1,0,0,4.5999999,0,0,0,0,2.0999999,58.5,58.5,0,0,0,0,0,0,58.5,0
0,0,-3.18172659,0.260766221,0.214828655,0.00030079711,0.671218157,63.6287422,0.328781873,1,0,0,4.5999999,0,0,0,0,2.0999999,58.5,58.5,0,0,0,0,0,0,58.5,0
0,23,0,0.480677893,0.309241891,0.00030079711,0.709972084,56.1287422,0.290027946,1,0,0,5,0,0,0,0,16.5,51,51,0,0,0,0,0,0,51,0
0,0,-2.83617342,0.480677893,0.309241891,0.00030079711,0.709972084,56.1287422,0.290027946,1,0,0,5,0,0,0,0,16.5,51,51,0,0,0,0,0,0,51,0
0,10,-3.72533184,0.480677893,0.309241891,0.00030079711,0.709972084,56.1287422,0.290027946,1,0,0,5,0,0,0,0,16.5,51,51,0,0,0,0,0,0,51,0
0,15,-3.80183414,0.480677893,0.309241891,0.00030079711,0.709972084,56.1287422,0.290027946,1,0,0,5,0,0,0,0,16.5,51,51,0,0,0,0,0,0,51,0
0,15,0,0.193781929,0.215599373,0.00030079711,0.755960047,47.2287407,0.244039938,1,0,0,10,0,0,0,0,7.5999999,42.0999985,42.0999985,0,0,0,4,0,0,42.0999985,0
0,23,-1.12423481,0.193781929,0.215599373,0.00030079711,0.755960047,47.2287407,0.244039938,1,0,0,10,0,0,0,0,7.5999999,42.0999985,42.0999985,0,0,0,4,0,0,42.0999985,0
0,0,-2.40240975,0.193781929,0.215599373,0.00030079711,0.755960047,47.2287407,0.244039938,1,0,0,10,0,0,0,0,7.5999999,42.0999985,42.0999985,0,0,0,4,0,0,42.0999985,0
0,15,0,0.293700822,0.301534683,0.00030079711,0.792130411,40.2287407,0.207869589,1,0,0,8.5,0,0,0,0,0.600000024,35.0999985,35.0999985,0,0,0,0,0,0,35.0999985,0
0,10,-1.33628273,0.293700822,0.301534683,0.00030079711,0.792130411,40.2287407,0.207869589,1,0,0,8.5,0,0,0,0,0.600000024,35.0999985,35.0999985,0,0,0,0,0,0,35.0999985,0
0,0,-2.04591798,0.293700822,0.301534683,0.00030079711,0.792130411,40.2287407,0.207869589,1,0,0,8.5,0,0,0,0,0.600000024,35.0999985,35.0999985,0,0,0,0,0,0,35.0999985,0
0,23,-2.59434892,0.293700822,0.301534683,0.00030079711,0.792130411,40.2287407,0.207869589,1,0,0,8.5,0,0,0,0,0.600000024,35.0999985,35.0999985,0,0,0,0,0,0,35.0999985,0
0,23,0,0.174012017,0.215599373,0.00030079711,0.830367625,32.8287392,0.169632375,1,0,0,1.10000002,0,0,0,0,18,27.7000008,27.7000008,9.10000038,0,0,0,0,0,27.7000008,0
0,0,-0.644197206,0.174012017,0.215599373,0.00030079711,0.830367625,32.8287392,0.169632375,1,0,0,1.10000002,0,0,0,0,18,27.7000008,27.7000008,9.10000038,0,0,0,0,0,27.7000008,0
0,0,0,0.317481069,0.310205311,0.00030079711,0.871188402,24.9287415,0.128811568,1,0,0,4.5999999,0,0,0,0,10.1000004,19.7999992,19.7999992,1.20000005,0,0,0,0,0,19.7999992,0
0,23,-1.32934372,0.317481069,0.310205311,0.00030079711,0.871188402,24.9287415,0.128811568,1,0,0,4.5999999,0,0,0,0,10.1000004,19.7999992,19.7999992,1.20000005,0,0,0,0,0,19.7999992,0
0,15,0,1.65820121,0.216562778,0.00030079711,0.917176425,16.0287399,0.0828235671,1,0,0,7.5999999,0,0,0,0,1.20000005,10.8999996,10.8999996,0,0,0,0,0,0,10.8999996,0
0,23,-6.04168785,1.65820121,0.216562778,0.00030079711,0.917176425,16.0287399,0.0828235671,1,0,0,7.5999999,0,0,0,0,1.20000005,10.8999996,10.8999996,0,0,0,0,0,0,10.8999996,0
0,0,-6.33814883,1.65820121,0.216562778,0.00030079711,0.917176425,16.0287399,0.0828235671,1,0,0,7.5999999,0,0,0,0,1.20000005,10.8999996,10.8999996,0,0,0,0,0,0,10.8999996,0
0,23,0,0.103558878,0.310205311,0.00030079711,0.950763166,9.52874088,0.0492368229,1,0,0,1.10000002,0,11.5,0,0,16.5,4.4000001,4.4000001,10,0,0,0,0,0,4.4000001,0
0,10,-0.448591636,0.103558878,0.310205311,0.00030079711,0.950763166,9.52874088,0.0492368229,1,0,0,1.10000002,0,11.5,0,0,16.5,4.4000001,4.4000001,10,0,0,0,0,0,4.4000001,0
0,0,-2.62467645,0.103558878,0.310205311,0.00030079711,0.950763166,9.52874088,0.0492368229,1,0,0,1.10000002,0,11.5,0,0,16.5,4.4000001,4.4000001,10,0,0,0,0,0,4.4000001,0
0,0,0,0.1,0.248355001,0.00030079711,0.991584003,1.62874055,0.00841601379,1,0,0,4.5999999,0,3.5999999,0,0,8.60000038,22.5,0,2.0999999,0,0,0,0,0,0,0
0,23,0,0.1,0.248355001,0.00030079711,0.991584003,1.62874055,0.00841601379,1,0,0,4.5999999,0,3.5999999,0,0,8.60000038,22.5,0,2.0999999,0,0,0,0,0,0,0
1,15,0,0.1,1,1,0,162.315735,1,1,0,0,0,0,15,0,0,0,0,0,0,0,0,0,0,0,0,0
1,23,-1.14660836,0.1,1,1,0,162.315735,1,1,0,0,0,0,15,0,0,0,0,0,0,0,0,0,0,0,0,0
1,6,-1.81554915,0.1,1,1,0,162.315735,1,1,0,0,0,0,15,0,0,0,0,0,0,0,0,0,0,0,0,0
1,5,-10.4430755,0.1,1,1,0,162.315735,1,1,0,0,0,0,15,0,0,0,0,0,0,0,0,0,0,0,0,0
1,12,-11.5784152,0.1,1,1,0,162.315735,1,1,0,0,0,0,15,0,0,0,0,0,0,0,0,0,0,0,0,0
1,0,0,0.16349904,0.74643302,1,0.0400454067,155.815735,0.959954619,1,0,0,0,0,8.5,0,0,15,58.5,58.5,10,0,0,0,0,0,58.5,0
1,23,-1.76698905,0.16349904,0.74643302,1,0.0400454067,155.815735,0.959954619,1,0,0,0,0,8.5,0,0,15,58.5,58.5,10,0,0,0,0,0,58.5,0
1,23,0,0.19557705,0.644119859,0.870657265,0.0954928994,146.815735,0.904507101,1,0,0,0,0,0,0,0,6,49.5,49.5,1,0,0,0,0,0,49.5,0
1,0,-2.01582628,0.19557705,0.644119859,0.870657265,0.0954928994,146.815735,0.904507101,1,0,0,0,0,0,0,0,6,49.5,49.5,1,0,0,0,0,0,49.5,0
1,15,0,1.60187013,0.359724075,0.870657265,0.154020801,137.315735,0.845979214,1,0,0,0,0,0,0,0,18,40,40,0,0,0,0,0,0,40,0
1,23,-15.1933852,1.60187013,0.359724075,0.870657265,0.154020801,137.315735,0.845979214,1,0,0,0,0,0,0,0,18,40,40,0,0,0,0,0,0,40,0
1,0,-17.8048212,1.60187013,0.359724075,0.870657265,0.154020801,137.315735,0.845979214,1,0,0,0,0,0,0,0,18,40,40,0,0,0,0,0,0,40,0
1,23,0,0.22901607,0.257410944,0.741314471,0.20330745,129.315735,0.79669255,1,0,0,0,0,0,0,0,10,32,32,8.5,0,0,0,0,0,32,0
1,0,-1.98405678,0.22901607,0.257410944,0.741314471,0.20330745,129.315735,0.79669255,1,0,0,0,0,0,0,0,10,32,32,8.5,0,0,0,0,0,32,0
1,23,0,0.643790671,0.344116986,0.482628971,0.252594113,121.315742,0.747405887,1,0,0,0,0,0,0,0,2,24,24,0.5,0,0,0,0,0,24,0
1,0,-5.73605366,0.643790671,0.344116986,0.482628971,0.252594113,121.315742,0.747405887,1,0,0,0,0,0,0,0,2,24,24,0.5,0,0,0,0,0,24,0
1,15,0,0.958799032,0.24874036,0.353286207,0.304961175,112.815742,0.695038795,1,0,0,0,0,0,0,0,14,15.5,15.5,0,0,0,0,0,0,15.5,0
1,23,-11.0224329,0.958799032,0.24874036,0.353286207,0.304961175,112.815742,0.695038795,1,0,0,0,0,0,0,0,14,15.5,15.5,0,0,0,0,0,0,15.5,0
1,0,-12.8710399,0.958799032,0.24874036,0.353286207,0.304961175,112.815742,0.695038795,1,0,0,0,0,0,0,0,14,15.5,15.5,0,0,0,0,0,0,15.5,0
1,0,0,0.333110791,0.335446388,0.0946006924,0.348087013,105.815742,0.651912987,1,0,0,0,0,0,0,0,7,8.5,8.5,9.5,0,0,0,0,0,8.5,0
1,23,-3.72570312,0.333110791,0.335446388,0.0946006924,0.348087013,105.815742,0.651912987,1,0,0,0,0,0,0,0,7,8.5,8.5,9.5,0,0,0,0,0,8.5,0
1,0,0,0.1,0.233133271,0.00030079711,0.403534502,96.8157425,0.596465528,1,0,0,0,0,0,0,0,0,0,0,0.5,0,0,0,0,0,0,0
1,12,-0.455184604,0.1,0.233133271,0.00030079711,0.403534502,96.8157425,0.596465528,1,0,0,0,0,0,0,0,0,0,0,0.5,0,0,0,0,0,0,0
1,6,-2.56900967,0.1,0.233133271,0.00030079711,0.403534502,96.8157425,0.596465528,1,0,0,0,0,0,0,0,0,0,0,0.5,0,0,0,0,0,0,0
1,23,-4.72160198,0.1,0.233133271,0.00030079711,0.403534502,96.8157425,0.596465528,1,0,0,0,0,0,0,0,0,0,0,0.5,0,0,0,0,0,0,0
1,5,-16.4299885,0.1,0.233133271,0.00030079711,0.403534502,96.8157425,0.596465528,1,0,0,0,0,0,0,0,0,0,0,0.5,0,0,0,0,0,0,0
1,0,0,0.453873977,0.342190206,0.00030079711,0.443579912,90.3157425,0.556420088,1,0,0,0,0,0,0,0,15,57,57,0,0,0,0,0,0,57,0
1,23,-3.22921002,0.453873977,0.342190206,0.00030079711,0.443579912,90.3157425,0.556420088,1,0,0,0,0,0,0,0,15,57,57,0,0,0,0,0,0,57,0
1,15,-3.5791199,0.453873977,0.342190206,0.00030079711,0.443579912,90.3157425,0.556420088,1,0,0,0,0,0,0,0,15,57,57,0,0,0,0,0,0,57,0
1,0,0,0.803057174,0.239877075,0.00030079711,0.499027401,81.3157425,0.500972629,1,0,0,0,0,0,0,0,6,48,48,0,0,0,0,0,0,48,0
1,23,-8.23997209,0.803057174,0.239877075,0.00030079711,0.499027401,81.3157425,0.500972629,1,0,0,0,0,0,0,0,6,48,48,0,0,0,0,0,0,48,0
1,15,-8.42866098,0.803057174,0.239877075,0.00030079711,0.499027401,81.3157425,0.500972629,1,0,0,0,0,0,0,0,6,48,48,0,0,0,0,0,0,48,0
1,0,0,0.417128426,0.325812399,0.00030079711,0.548314035,73.3157425,0.451685965,1,0,0,0,0,0,0,0,0,40,40,0,0,0,0,0,0,40,0
1,15,-3.12352205,0.417128426,0.325812399,0.00030079711,0.548314035,73.3157425,0.451685965,1,0,0,0,0,0,0,0,0,40,40,0,0,0,0,0,0,40,0
1,23,-4.07887658,0.417128426,0.325812399,0.00030079711,0.548314035,73.3157425,0.451685965,1,0,0,0,0,0,0,0,0,40,40,0,0,0,0,0,0,40,0
1,12,-9.54839487,0.417128426,0.325812399,0.00030079711,0.548314035,73.3157425,0.451685965,1,0,0,0,0,0,0,0,0,40,40,0,0,0,0,0,0,40,0
1,15,0,0.753675477,0.231206462,0.00030079711,0.600681126,64.8157425,0.399318874,1,0,0,0,0,8,0,0,13,31.5,31.5,0,0,0,0,0,0,31.5,0
1,0,-5.57840035,0.753675477,0.231206462,0.00030079711,0.600681126,64.8157425,0.399318874,1,0,0,0,0,8,0,0,13,31.5,31.5,0,0,0,0,0,0,31.5,0
1,23,-5.83025166,0.753675477,0.231206462,0.00030079711,0.600681126,64.8157425,0.399318874,1,0,0,0,0,8,0,0,13,31.5,31.5,0,0,0,0,0,0,31.5,0
1,23,0,0.1,0.317141771,0.00030079711,0.643806934,57.8157387,0.356193066,1,0,0,0,0,1,0,0,6,24.5,24.5,9.5,0,0,0,0,0,24.5,0
1,0,-0.176896924,0.1,0.317141771,0.00030079711,0.643806934,57.8157387,0.356193066,1,0,0,0,0,1,0,0,6,24.5,24.5,9.5,0,0,0,0,0,24.5,0
1,0,0,0.431892839,0.222535864,0.00030079711,0.696174026,49.3157387,0.303825974,1,0,0,0,0,0,0,0,18,16,16,1,0,0,0,0,0,16,0
1,23,-3.07692971,0.431892839,0.222535864,0.00030079711,0.696174026,49.3157387,0.303825974,1,0,0,0,0,0,0,0,18,16,16,1,0,0,0,0,0,16,0
1,9,-7.42873472,0.431892839,0.222535864,0.00030079711,0.696174026,49.3157387,0.303825974,1,0,0,0,0,0,0,0,18,16,16,1,0,0,0,0,0,16,0
1,23,0,0.2200996,0.317912489,0.00030079711,0.744844615,41.415741,0.255155414,1,0,0,6.0999999,0,0,0,0,10.1000004,8.10000038,8.10000038,0,0,0,0,0,0,8.10000038,0
1,0,-1.4265716,0.2200996,0.317912489,0.00030079711,0.744844615,41.415741,0.255155414,1,0,0,6.0999999,0,0,0,0,10.1000004,8.10000038,8.10000038,0,0,0,0,0,0,8.10000038,0
1,15,-1.83545978,0.2200996,0.317912489,0.00030079711,0.744844615,41.415741,0.255155414,1,0,0,6.0999999,0,0,0,0,10.1000004,8.10000038,8.10000038,0,0,0,0,0,0,8.10000038,0
1,0,0,0.786551256,0.223499268,0.00030079711,0.799676001,32.5157394,0.200324014,1,0,0,7.5999999,0,0,0,0,1.20000005,0,0,0,0,0,0,0,0,0,0
1,15,-3.67990488,0.786551256,0.223499268,0.00030079711,0.799676001,32.5157394,0.200324014,1,0,0,7.5999999,0,0,0,0,1.20000005,0,0,0,0,0,0,0,0,0,0
1,23,-9.11720534,0.786551256,0.223499268,0.00030079711,0.799676001,32.5157394,0.200324014,1,0,0,7.5999999,0,0,0,0,1.20000005,0,0,0,0,0,0,0,0,0,0
1,5,-10.4834632,0.786551256,0.223499268,0.00030079711,0.799676001,32.5157394,0.200324014,1,0,0,7.5999999,0,0,0,0,1.20000005,0,0,0,0,0,0,0,0,0,0
1,0,0,0.288483956,0.349704713,0.00030079711,0.839721382,26.0157394,0.160278603,1,0,0,1.10000002,0,0,0,0,15,21,0,0,0,0,0,0,0,0,0
1,23,-1.41775637,0.288483956,0.349704713,0.00030079711,0.839721382,26.0157394,0.160278603,1,0,0,1.10000002,0,0,0,0,15,21,0,0,0,0,0,0,0,0,0
1,10,-1.44828265,0.288483956,0.349704713,0.00030079711,0.839721382,26.0157394,0.160278603,1,0,0,1.10000002,0,0,0,0,15,21,0,0,0,0,0,0,0,0,0
1,15,-4.59149844,0.288483956,0.349704713,0.00030079711,0.839721382,26.0157394,0.160278603,1,0,0,1.10000002,0,0,0,0,15,21,0,0,0,0,0,0,0,0,0
1,23,0,0.1,0.25606221,0.00030079711,0.894552827,17.1157398,0.105447195,1,0,0,10,0,0,0,0,6.0999999,12.1000004,0,0,0,0,0,0,0,0,0
1,0,-0.102973084,0.1,0.25606221,0.00030079711,0.894552827,17.1157398,0.105447195,1,0,0,10,0,0,0,0,6.0999999,12.1000004,0,0,0,0,0,0,0,0,0
1,15,-2.87957452,0.1,0.25606221,0.00030079711,0.894552827,17.1157398,0.105447195,1,0,0,10,0,0,0,0,6.0999999,12.1000004,0,0,0,0,0,0,0,0,0
1,12,0,0.205855623,0.350668132,0.00030079711,0.943223357,9.21573925,0.0567766204,1,0,0,4.5999999,0,0,0,0,0,4.19999981,0,0,0,0,4,0,0,0,0
1,23,-0.471614824,0.205855623,0.350668132,0.00030079711,0.943223357,9.21573925,0.0567766204,1,0,0,4.5999999,0,0,0,0,0,4.19999981,0,0,0,0,4,0,0,0,0
1,0,-0.877123742,0.205855623,0.350668132,0.00030079711,0.943223357,9.21573925,0.0567766204,1,0,0,4.5999999,0,0,0,0,0,4.19999981,0,0,0,0,4,0,0,0,0
1,15,-4.9392291,0.205855623,0.350668132,0.00030079711,0.943223357,9.21573925,0.0567766204,1,0,0,4.5999999,0,0,0,0,0,4.19999981,0,0,0,0,4,0,0,0,0
1,0,0,0.1,0.264732808,0.00030079711,0.994974375,0.815739155,0.00502563221,1,0,0,6.0999999,0,0,0,0,11.6000004,0,0,0,0,0,0,0,0,0,0
1,5,0,0.1,0.264732808,0.00030079711,0.994974375,0.815739155,0.00502563221,1,0,0,6.0999999,0,0,0,0,11.6000004,0,0,0,0,0,0,0,0,0,0
1,15,0,0.1,0.264732808,0.00030079711,0.994974375,0.815739155,0.00502563221,1,0,0,6.0999999,0,0,0,0,11.6000004,0,0,0,0,0,0,0,0,0,0
1,23,0,0.1,0.264732808,0.00030079711,0.994974375,0.815739155,0.00502563221,1,0,0,6.0999999,0,0,0,0,11.6000004,0,0,0,0,0,0,0,0,0,0
2,6,0,0.642079331,1,1,0,170.296051,1,1,0,0,0,0,15,0,0,0,0,0,0,0,0,0,0,0,0,0
2,5,-8.88705761,0.642079331,1,1,0,170.296051,1,1,0,0,0,0,15,0,0,0,0,0,0,0,0,0,0,0,0,0
2,23,-9.04140396,0.642079331,1,1,0,170.296051,1,1,0,0,0,0,15,0,0,0,0,0,0,0,0,0,0,0,0,0
2,15,-9.6920361,0.642079331,1,1,0,170.296051,1,1,0,0,0,0,15,0,0,0,0,0,0,0,0,0,0,0,0,0
2,12,-11.3906674,0.642079331,1,1,0,170.296051,1,1,0,0,0,0,15,0,0,0,0,0,0,0,0,0,0,0,0,0
2,23,0,0.355983387,0.731018603,1,0.0499130785,161.796051,0.950086951,1,0,0,0,0,6.5,0,0,13,51.5,51.5,0,0,0,0,0,0,51.5,0
2,15,-4.48107848,0.355983387,0.731018603,1,0.0499130785,161.796051,0.950086951,1,0,0,0,0,6.5,0,0,13,51.5,51.5,0,0,0,0,0,0,51.5,0
2,0,-13.1723868,0.355983387,0.731018603,1,0.0499130785,161.796051,0.950086951,1,0,0,0,0,6.5,0,0,13,51.5,51.5,0,0,0,0,0,0,51.5,0
2,23,0,0.697949515,0.439686328,1,0.108634345,151.796051,0.891365647,1,0,0,0,0,0,0,0,3,41.5,41.5,0,0,0,4,0,0,41.5,0
2,15,-7.1589722,0.697949515,0.439686328,1,0.108634345,151.796051,0.891365647,1,0,0,0,0,0,0,0,3,41.5,41.5,0,0,0,4,0,0,41.5,0
2,0,-9.4293654,0.697949515,0.439686328,1,0.108634345,151.796051,0.891365647,1,0,0,0,0,0,0,0,3,41.5,41.5,0,0,0,4,0,0,41.5,0
2,23,0,0.398873892,0.345080405,0.870657265,0.158547416,143.296051,0.841452599,1,0,0,0,0,0,0,0,16.5,33,33,0,0,0,0,0,0,33,0
2,0,-3.75619762,0.398873892,0.345080405,0.870657265,0.158547416,143.296051,0.841452599,1,0,0,0,0,0,0,0,16.5,33,33,0,0,0,0,0,0,33,0
2,15,-11.2737076,0.398873892,0.345080405,0.870657265,0.158547416,143.296051,0.841452599,1,0,0,0,0,0,0,0,16.5,33,33,0,0,0,0,0,0,33,0
2,15,0,0.733473639,0.242767274,0.741314471,0.21139656,134.296051,0.788603425,1,0,0,0,0,0,0,0,7.5,24,24,0,0,0,0,0,0,24,0
2,23,-6.04544339,0.733473639,0.242767274,0.741314471,0.21139656,134.296051,0.788603425,1,0,0,0,0,0,0,0,7.5,24,24,0,0,0,0,0,0,24,0
2,0,-6.07171518,0.733473639,0.242767274,0.741314471,0.21139656,134.296051,0.788603425,1,0,0,0,0,0,0,0,7.5,24,24,0,0,0,0,0,0,24,0
2,0,0,1.33750155,0.328702599,0.482628971,0.252501458,127.296051,0.747498572,1,0,0,0,0,0,0,0,0.5,17,17,0,0,0,4,0,0,17,0
2,23,-14.5460873,1.33750155,0.328702599,0.482628971,0.252501458,127.296051,0.747498572,1,0,0,0,0,0,0,0,0.5,17,17,0,0,0,4,0,0,17,0
2,15,-14.7819398,1.33750155,0.328702599,0.482628971,0.252501458,127.296051,0.747498572,1,0,0,0,0,0,0,0,0.5,17,17,0,0,0,4,0,0,17,0
2,0,0,0.1,0.234096661,0.353286207,0.302414536,118.796051,0.697585464,1,0,0,0,0,0,0,0,13,8.5,8.5,0,0,0,4,0,0,8.5,0
2,15,-0.317736945,0.1,0.234096661,0.353286207,0.302414536,118.796051,0.697585464,1,0,0,0,0,0,0,0,13,8.5,8.5,0,0,0,4,0,0,8.5,0
2,23,-0.43993555,0.1,0.234096661,0.353286207,0.302414536,118.796051,0.697585464,1,0,0,0,0,0,0,0,13,8.5,8.5,0,0,0,4,0,0,8.5,0
2,0,0,0.232593498,0.320031971,0.0946006924,0.34939155,110.796051,0.65060848,1,0,0,0,0,0,0,0,5,0.5,0.5,0,0,0,0,0,0,0.5,0
2,15,-1.74033155,0.232593498,0.320031971,0.0946006924,0.34939155,110.796051,0.65060848,1,0,0,0,0,0,0,0,5,0.5,0.5,0,0,0,0,0,0,0.5,0
2,23,-10.3290183,0.232593498,0.320031971,0.0946006924,0.34939155,110.796051,0.65060848,1,0,0,0,0,0,0,0,5,0.5,0.5,0,0,0,0,0,0,0.5,0
2,15,0,0.292013321,0.26396209,0.00030079711,0.384624302,104.796051,0.615375698,1,0,0,0,0,0,0,0,0,58.5,58.5,0,0,0,0,0,0,58.5,0
2,0,-2.02620438,0.292013321,0.26396209,0.00030079711,0.384624302,104.796051,0.615375698,1,0,0,0,0,0,0,0,0,58.5,58.5,0,0,0,0,0,0,58.5,0
2,12,-7.76957455,0.292013321,0.26396209,0.00030079711,0.384624302,104.796051,0.615375698,1,0,0,0,0,0,0,0,0,58.5,58.5,0,0,0,0,0,0,58.5,0
2,23,-10.9420764,0.292013321,0.26396209,0.00030079711,0.384624302,104.796051,0.615375698,1,0,0,0,0,0,0,0,0,58.5,58.5,0,0,0,0,0,0,58.5,0
2,0,0,0.346238764,0.357604593,0.00030079711,0.42279312,98.296051,0.57720685,1,0,0,0,0,0,0,0,16.5,52,52,10,0,0,0,0,0,52,0
2,23,-2.39370982,0.346238764,0.357604593,0.00030079711,0.42279312,98.296051,0.57720685,1,0,0,0,0,0,0,0,16.5,52,52,10,0,0,0,0,0,52,0
2,23,0,0.1,0.255291462,0.00030079711,0.475642264,89.296051,0.524357736,1,0,0,0,0,0,0,0,7.5,43,43,1,0,0,0,0,0,43,0
2,0,-0.266121567,0.1,0.255291462,0.00030079711,0.475642264,89.296051,0.524357736,1,0,0,0,0,0,0,0,7.5,43,43,1,0,0,0,0,0,43,0
2,15,0,0.100760757,0.341226786,0.00030079711,0.522619307,81.296051,0.477380723,1,0,0,0,0,0,0,0,0,35,35,0,0,0,0,0,0,35,0
2,0,-0.712687655,0.100760757,0.341226786,0.00030079711,0.522619307,81.296051,0.477380723,1,0,0,0,0,0,0,0,0,35,35,0,0,0,0,0,0,35,0
2,12,-1.24690667,0.100760757,0.341226786,0.00030079711,0.522619307,81.296051,0.477380723,1,0,0,0,0,0,0,0,0,35,35,0,0,0,0,0,0,35,0
2,23,-6.00745509,0.100760757,0.341226786,0.00030079711,0.522619307,81.296051,0.477380723,1,0,0,0,0,0,0,0,0,35,35,0,0,0,0,0,0,35,0
2,0,0,0.1,0.246620879,0.00030079711,0.566660225,73.796051,0.433339775,1,0,0,0,0,9,0,0,14,27.5,27.5,9,0,0,0,0,0,27.5,0
2,23,-0.187449273,0.1,0.246620879,0.00030079711,0.566660225,73.796051,0.433339775,1,0,0,0,0,9,0,0,14,27.5,27.5,9,0,0,0,0,0,27.5,0
2,0,0,0.398618235,0.332556188,0.00030079711,0.613637269,65.796051,0.386362761,1,0,0,0,0,1,0,0,6,19.5,19.5,1,0,0,0,0,0,19.5,0
2,23,-1.99774635,0.398618235,0.332556188,0.00030079711,0.613637269,65.796051,0.386362761,1,0,0,0,0,1,0,0,6,19.5,19.5,1,0,0,0,0,0,19.5,0
2,15,0,0.791451779,0.237950265,0.00030079711,0.663550317,57.296051,0.336449683,1,0,0,0,0,0,0,0,18,11,11,0,0,0,0,0,0,11,0
2,9,-5.57477861,0.791451779,0.237950265,0.00030079711,0.663550317,57.296051,0.336449683,1,0,0,0,0,0,0,0,18,11,11,0,0,0,0,0,0,11,0
2,23,-8.46212507,0.791451779,0.237950265,0.00030079711,0.663550317,57.296051,0.336449683,1,0,0,0,0,0,0,0,18,11,11,0,0,0,0,0,0,11,0
2,0,-11.5088675,0.791451779,0.237950265,0.00030079711,0.663550317,57.296051,0.336449683,1,0,0,0,0,0,0,0,18,11,11,0,0,0,0,0,0,11,0
2,0,0,0.538226755,0.324656308,0.00030079711,0.70465523,50.296051,0.29534477,1,0,0,8.5,0,0,0,0,11,4,4,9.5,0,0,0,0,0,4,0
2,10,-3.17205792,0.538226755,0.324656308,0.00030079711,0.70465523,50.296051,0.29534477,1,0,0,8.5,0,0,0,0,11,4,4,9.5,0,0,0,0,0,4,0
2,23,-3.84296253,0.538226755,0.324656308,0.00030079711,0.70465523,50.296051,0.29534477,1,0,0,8.5,0,0,0,0,11,4,4,9.5,0,0,0,0,0,4,0
2,23,0,0.1,0.26203528,0.00030079711,0.751044989,42.3960495,0.248954982,1,0,0,8.5,0,0,0,0,3.0999999,22.5,0,1.60000002,0,0,0,0,0,0,0
2,0,-0.222298108,0.1,0.26203528,0.00030079711,0.751044989,42.3960495,0.248954982,1,0,0,8.5,0,0,0,0,3.0999999,22.5,0,1.60000002,0,0,0,0,0,0,0
2,15,0,0.141671678,0.357411921,0.00030079711,0.797434807,34.4960518,0.202565178,1,0,0,4.5999999,0,0,0,0,0,14.6000004,0,0,0,0,0,0,0,0,0
2,12,-0.601924731,0.141671678,0.357411921,0.00030079711,0.797434807,34.4960518,0.202565178,1,0,0,4.5999999,0,0,0,0,0,14.6000004,0,0,0,0,0,0,0,0,0
2,23,-2.43319583,0.141671678,0.357411921,0.00030079711,0.797434807,34.4960518,0.202565178,1,0,0,4.5999999,0,0,0,0,0,14.6000004,0,0,0,0,0,0,0,0,0
2,0,-3.47224892,0.141671678,0.357411921,0.00030079711,0.797434807,34.4960518,0.202565178,1,0,0,4.5999999,0,0,0,0,0,14.6000004,0,0,0,0,0,0,0,0,0
2,0,0,0.255025527,0.26203528,0.00030079711,0.841475785,26.9960499,0.15852423,1,0,0,10,0,0,0,0,14,7.0999999,0,9,0,0,0,0,0,0,0
2,23,-0.956629419,0.255025527,0.26203528,0.00030079711,0.841475785,26.9960499,0.15852423,1,0,0,10,0,0,0,0,14,7.0999999,0,9,0,0,0,0,0,0,0
2,10,-3.87546729,0.255025527,0.26203528,0.00030079711,0.841475785,26.9960499,0.15852423,1,0,0,10,0,0,0,0,14,7.0999999,0,9,0,0,0,0,0,0,0
2,5,0,0.635022897,0.357411921,0.00030079711,0.887865543,19.0960503,0.112134427,1,0,0,8.5,0,0,0,0,6.0999999,0,0,1.10000002,0,0,0,0,0,0,0
2,0,-2.20352234,0.635022897,0.357411921,0.00030079711,0.887865543,19.0960503,0.112134427,1,0,0,8.5,0,0,0,0,6.0999999,0,0,1.10000002,0,0,0,0,0,0,0
2,23,-4.32436627,0.635022897,0.357411921,0.00030079711,0.887865543,19.0960503,0.112134427,1,0,0,8.5,0,0,0,0,6.0999999,0,0,1.10000002,0,0,0,0,0,0,0
2,23,0,0.240729129,0.294790894,0.00030079711,0.934255362,11.1960506,0.0657446235,1,0,0,6.0999999,0,0,0,0,0,16.1000004,0,0,0,0,0,0,0,0,0
2,12,-0.759205986,0.240729129,0.294790894,0.00030079711,0.934255362,11.1960506,0.0657446235,1,0,0,6.0999999,0,0,0,0,0,16.1000004,0,0,0,0,0,0,0,0,0
2,15,-2.24204453,0.240729129,0.294790894,0.00030079711,0.934255362,11.1960506,0.0657446235,1,0,0,6.0999999,0,0,0,0,0,16.1000004,0,0,0,0,0,0,0,0,0
2,0,-3.14385618,0.240729129,0.294790894,0.00030079711,0.934255362,11.1960506,0.0657446235,1,0,0,6.0999999,0,0,0,0,0,16.1000004,0,0,0,0,0,0,0,0,0
2,15,0,0.846688105,0.208855569,0.00030079711,0.983581245,2.79605031,0.0164187606,1,0,0,4.0999999,0,0,0,0,15.6000004,7.69999981,0,0,0,0,0,0,0,0,0
2,0,-1.5727402,0.846688105,0.208855569,0.00030079711,0.983581245,2.79605031,0.0164187606,1,0,0,4.0999999,0,0,0,0,15.6000004,7.69999981,0,0,0,0,0,0,0,0,0
2,23,-1.5727402,0.846688105,0.208855569,0.00030079711,0.983581245,2.79605031,0.0164187606,1,0,0,4.0999999,0,0,0,0,15.6000004,7.69999981,0,0,0,0,0,0,0,0,0
3,15,0,0.264450573,1,1,0,161.423523,1,1,0,0,0,0,15,0,0,0,0,0,0,0,0,0,0,0,0,0
3,5,-2.79873224,0.264450573,1,1,0,161.423523,1,1,0,0,0,0,15,0,0,0,0,0,0,0,0,0,0,0,0,0
3,6,-3.59352736,0.264450573,1,1,0,161.423523,1,1,0,0,0,0,15,0,0,0,0,0,0,0,0,0,0,0,0,0
3,12,-13.0513091,0.264450573,1,1,0,161.423523,1,1,0,0,0,0,15,0,0,0,0,0,0,0,0,0,0,0,0,0
3,23,-13.4578264,0.264450573,1,1,0,161.423523,1,1,0,0,0,0,15,0,0,0,0,0,0,0,0,0,0,0,0,0
3,0,0,0.277932862,0.731018603,1,0.0464616306,153.923523,0.953538358,1,0,0,0,0,7.5,0,0,14,56,56,9,0,0,0,0,0,56,0
3,23,-2.60308586,0.277932862,0.731018603,1,0.0464616306,153.923523,0.953538358,1,0,0,0,0,7.5,0,0,14,56,56,9,0,0,0,0,0,56,0
3,0,0,1.56595114,0.628705502,0.870657265,0.102215588,144.923523,0.897784412,1,0,0,0,0,0,0,0,5,47,47,0,0,0,0,0,0,47,0
3,23,-11.0263946,1.56595114,0.628705502,0.870657265,0.102215588,144.923523,0.897784412,1,0,0,0,0,0,0,0,5,47,47,0,0,0,0,0,0,47,0
3,15,-12.7084784,1.56595114,0.628705502,0.870657265,0.102215588,144.923523,0.897784412,1,0,0,0,0,0,0,0,5,47,47,0,0,0,0,0,0,47,0
3,15,0,0.111009733,0.533328831,0.741314471,0.154872105,136.423523,0.845127881,1,0,0,0,0,0,0,0,18,38.5,38.5,0,0,0,0,0,0,38.5,0
3,23,-0.921084458,0.111009733,0.533328831,0.741314471,0.154872105,136.423523,0.845127881,1,0,0,0,0,0,0,0,18,38.5,38.5,0,0,0,0,0,0,38.5,0
3,0,-2.70223177,0.111009733,0.533328831,0.741314471,0.154872105,136.423523,0.845127881,1,0,0,0,0,0,0,0,18,38.5,38.5,0,0,0,0,0,0,38.5,0
3,23,0,0.457587377,0.241996557,0.741314471,0.210626051,127.423523,0.789373934,1,0,0,0,0,0,0,0,9,29.5,29.5,7.5,0,0,0,0,0,29.5,0
3,0,-3.95055898,0.457587377,0.241996557,0.741314471,0.210626051,127.423523,0.789373934,1,0,0,0,0,0,0,0,9,29.5,29.5,7.5,0,0,0,0,0,29.5,0
3,0,0,0.620220775,0.328702599,0.482628971,0.260185122,119.423523,0.739814878,1,0,0,0,0,0,0,0,1,21.5,21.5,0,0,0,0,0,0,21.5,0
3,23,-5.92093502,0.620220775,0.328702599,0.482628971,0.260185122,119.423523,0.739814878,1,0,0,0,0,0,0,0,1,21.5,21.5,0,0,0,0,0,0,21.5,0
3,15,-16.311433,0.620220775,0.328702599,0.482628971,0.260185122,119.423523,0.739814878,1,0,0,0,0,0,0,0,1,21.5,21.5,0,0,0,0,0,0,21.5,0
3,15,0,1.23970146,0.24180387,0.353286207,0.309744209,111.423523,0.690255821,1,0,0,0,0,0,0,0,15.5,13.5,13.5,0,0,0,0,0,0,13.5,0
3,0,-9.99488053,1.23970146,0.24180387,0.353286207,0.309744209,111.423523,0.690255821,1,0,0,0,0,0,0,0,15.5,13.5,13.5,0,0,0,0,0,0,13.5,0
3,23,-15.7842871,1.23970146,0.24180387,0.353286207,0.309744209,111.423523,0.690255821,1,0,0,0,0,0,0,0,15.5,13.5,13.5,0,0,0,0,0,0,13.5,0
3,23,0,0.1,0.327739179,0.0946006924,0.353108376,104.423523,0.646891594,1,0,0,0,0,0,0,0,8.5,6.5,6.5,9.5,0,0,4,0,0,6.5,0
3,0,-0.598252471,0.1,0.327739179,0.0946006924,0.353108376,104.423523,0.646891594,1,0,0,0,0,0,0,0,8.5,6.5,6.5,9.5,0,0,4,0,0,6.5,0
3,23,0,0.769929496,0.225426063,0.00030079711,0.408862352,95.4235229,0.591137648,1,0,0,0,0,0,0,0,0,0,0,0.5,0,0,4,0,0,0,0
3,12,-6.60760301,0.769929496,0.225426063,0.00030079711,0.408862352,95.4235229,0.591137648,1,0,0,0,0,0,0,0,0,0,0,0.5,0,0,4,0,0,0,0
3,5,-10.1737674,0.769929496,0.225426063,0.00030079711,0.408862352,95.4235229,0.591137648,1,0,0,0,0,0,0,0,0,0,0,0.5,0,0,4,0,0,0,0
3,6,-11.1101596,0.769929496,0.225426063,0.00030079711,0.408862352,95.4235229,0.591137648,1,0,0,0,0,0,0,0,0,0,0,0.5,0,0,4,0,0,0,0
3,0,-14.1058066,0.769929496,0.225426063,0.00030079711,0.408862352,95.4235229,0.591137648,1,0,0,0,0,0,0,0,0,0,0,0.5,0,0,4,0,0,0,0
3,5,0,0.308238292,0.319068581,0.00030079711,0.455323964,87.9235229,0.544676006,1,0,0,0,0,0,0,0,16.5,0,0,0,0,0,4,0,0,0,0
3,0,-2.24061373,0.308238292,0.319068581,0.00030079711,0.455323964,87.9235229,0.544676006,1,0,0,0,0,0,0,0,16.5,0,0,0,0,0,4,0,0,0,0
3,6,-3.47485559,0.308238292,0.319068581,0.00030079711,0.455323964,87.9235229,0.544676006,1,0,0,0,0,0,0,0,16.5,0,0,0,0,0,4,0,0,0,0
3,23,-5.76118792,0.308238292,0.319068581,0.00030079711,0.455323964,87.9235229,0.544676006,1,0,0,0,0,0,0,0,16.5,0,0,0,0,0,4,0,0,0,0
3,15,-6.10830813,0.308238292,0.319068581,0.00030079711,0.455323964,87.9235229,0.544676006,1,0,0,0,0,0,0,0,16.5,0,0,0,0,0,4,0,0,0,0
3,23,0,0.540701059,0.248547673,0.00030079711,0.504883051,79.9235229,0.495116949,1,0,0,0,0,0,0,0,8.5,16,0,0,0,0,0,0,0,0,0
3,0,-4.13704547,0.540701059,0.248547673,0.00030079711,0.504883051,79.9235229,0.495116949,1,0,0,0,0,0,0,0,8.5,16,0,0,0,0,0,0,0,0,0
3,15,-5.0409272,0.540701059,0.248547673,0.00030079711,0.504883051,79.9235229,0.495116949,1,0,0,0,0,0,0,0,8.5,16,0,0,0,0,0,0,0,0,0
3,15,0,0.630797038,0.334482998,0.00030079711,0.554442108,71.9235229,0.445557892,1,0,0,0,0,0,0,0,0.5,8,0,0,0,0,0,0,0,0,0
3,0,-5.18352094,0.630797038,0.334482998,0.00030079711,0.554442108,71.9235229,0.445557892,1,0,0,0,0,0,0,0,0.5,8,0,0,0,0,0,0,0,0,0
3,23,-9.81992011,0.630797038,0.334482998,0.00030079711,0.554442108,71.9235229,0.445557892,1,0,0,0,0,0,0,0,0.5,8,0,0,0,0,0,0,0,0,0
3,23,0,0.247198376,0.239877075,0.00030079711,0.600903749,64.4235229,0.399096251,1,0,0,0,0,9,0,0,14,0.5,0,9,0,0,0,0,0,0,0
3,0,-1.7961358,0.247198376,0.239877075,0.00030079711,0.600903749,64.4235229,0.399096251,1,0,0,0,0,9,0,0,14,0.5,0,9,0,0,0,0,0,0,0
3,23,0,0.326823561,0.341226786,0.00030079711,0.644267917,57.4235229,0.355732054,1,0,0,0,0,2,0,0,7,57,57,2,0,0,0,0,0,57,0
3,0,-2.01400245,0.326823561,0.341226786,0.00030079711,0.644267917,57.4235229,0.355732054,1,0,0,0,0,2,0,0,7,57,57,2,0,0,0,0,0,57,0
3,0,0,0.597929812,0.23891367,0.00030079711,0.700021923,48.4235229,0.299978107,1,0,0,0,0,0,0,0,0,48,48,0,0,0,0,0,0,48,0
3,23,-4.27984654,0.597929812,0.23891367,0.00030079711,0.700021923,48.4235229,0.299978107,1,0,0,0,0,0,0,0,0,48,48,0,0,0,0,0,0,48,0
3,15,-8.05547985,0.597929812,0.23891367,0.00030079711,0.700021923,48.4235229,0.299978107,1,0,0,0,0,0,0,0,0,48,48,0,0,0,0,0,0,48,0
3,9,-10.2434637,0.597929812,0.23891367,0.00030079711,0.700021923,48.4235229,0.299978107,1,0,0,0,0,0,0,0,0,48,48,0,0,0,0,0,0,48,0
3,12,-16.664736,0.597929812,0.23891367,0.00030079711,0.700021923,48.4235229,0.299978107,1,0,0,0,0,0,0,0,0,48,48,0,0,0,0,0,0,48,0
3,15,0,0.1,0.333326906,0.00030079711,0.746483505,40.9235229,0.253516465,1,0,0,8.5,0,0,0,0,14,40.5,40.5,0,0,0,0,0,0,40.5,0
3,10,-0.203226489,0.1,0.333326906,0.00030079711,0.746483505,40.9235229,0.253516465,1,0,0,8.5,0,0,0,0,14,40.5,40.5,0,0,0,0,0,0,40.5,0
3,23,-0.745528075,0.1,0.333326906,0.00030079711,0.746483505,40.9235229,0.253516465,1,0,0,8.5,0,0,0,0,14,40.5,40.5,0,0,0,0,0,0,40.5,0
3,0,-2.07923665,0.1,0.333326906,0.00030079711,0.746483505,40.9235229,0.253516465,1,0,0,8.5,0,0,0,0,14,40.5,40.5,0,0,0,0,0,0,40.5,0
3,23,0,0.25923476,0.23891367,0.00030079711,0.79542309,33.0235214,0.204576895,1,0,0,10,0,0,0,0,6.0999999,32.5999985,32.5999985,8.60000038,0,0,0,0,0,32.5999985,0
3,0,-1.21605438,0.25923476,0.23891367,0.00030079711,0.79542309,33.0235214,0.204576895,1,0,0,10,0,0,0,0,6.0999999,32.5999985,32.5999985,8.60000038,0,0,0,0,0,32.5999985,0
3,12,0,0.372910344,0.334290326,0.00030079711,0.844362676,25.1235218,0.155637309,1,0,0,4.5999999,0,0,0,0,0,24.7000008,24.7000008,0.699999988,0,0,0,0,0,24.7000008,0
3,23,-2.05993129,0.372910344,0.334290326,0.00030079711,0.844362676,25.1235218,0.155637309,1,0,0,4.5999999,0,0,0,0,0,24.7000008,24.7000008,0.699999988,0,0,0,0,0,24.7000008,0
3,0,-3.17742194,0.372910344,0.334290326,0.00030079711,0.844362676,25.1235218,0.155637309,1,0,0,4.5999999,0,0,0,0,0,24.7000008,24.7000008,0.699999988,0,0,0,0,0,24.7000008,0
3,15,0,0.265487328,0.247584268,0.00030079711,0.896399736,16.7235222,0.103600278,1,0,0,6.0999999,0,0,0,0,11.6000004,16.2999992,16.2999992,0,0,0,0,0,0,16.2999992,0
3,0,-1.05728418,0.265487328,0.247584268,0.00030079711,0.896399736,16.7235222,0.103600278,1,0,0,6.0999999,0,0,0,0,11.6000004,16.2999992,16.2999992,0,0,0,0,0,0,16.2999992,0
3,23,-1.64229319,0.265487328,0.247584268,0.00030079711,0.896399736,16.7235222,0.103600278,1,0,0,6.0999999,0,0,0,0,11.6000004,16.2999992,16.2999992,0,0,0,0,0,0,16.2999992,0
3,0,0,0.557687973,0.334290326,0.00030079711,0.939763904,9.72352219,0.0602360927,1,0,0,8.5,0,0,0,0,4.5999999,9.30000019,9.30000019,9.5,0,0,0,0,0,9.30000019,0
3,23,-1.89985413,0.557687973,0.334290326,0.00030079711,0.939763904,9.72352219,0.0602360927,1,0,0,8.5,0,0,0,0,4.5999999,9.30000019,9.30000019,9.5,0,0,0,0,0,9.30000019,0
3,10,-1.91553186,0.557687973,0.334290326,0.00030079711,0.939763904,9.72352219,0.0602360927,1,0,0,8.5,0,0,0,0,4.5999999,9.30000019,9.30000019,9.5,0,0,0,0,0,9.30000019,0
3,0,0,0.1,0.248355001,0.00030079711,0.991800904,1.32352209,0.00819906592,1,0,0,8,0,0,0,0,18,0.899999976,0.899999976,1.10000002,0,0,0,0,0,0.899999976,0
3,23,0,0.1,0.248355001,0.00030079711,0.991800904,1.32352209,0.00819906592,1,0,0,8,0,0,0,0,18,0.899999976,0.899999976,1.10000002,0,0,0,0,0,0.899999976,0
4,12,0,0.21720058,1,1,0,200.874649,1,1,0,0,0,0,15,0,0,0,0,0,0,0,0,0,0,0,0,0
4,23,-2.1720231,0.21720058,1,1,0,200.874649,1,1,0,0,0,0,15,0,0,0,0,0,0,0,0,0,0,0,0,0
4,15,-2.29618267,0.21720058,1,1,0,200.874649,1,1,0,0,0,0,15,0,0,0,0,0,0,0,0,0,0,0,0,0
4,6,-9.41391726,0.21720058,1,1,0,200.874649,1,1,0,0,0,0,15,0,0,0,0,0,0,0,0,0,0,0,0,0
4,5,-18.4344049,0.21720058,1,1,0,200.874649,1,1,0,0,0,0,15,0,0,0,0,0,0,0,0,0,0,0,0,0
4,15,0,1.05165949,0.738725781,1,0.0398258343,192.874649,0.960174143,1,0,0,0,0,7,0,0,14,56,56,0,0,0,0,0,0,56,0
4,0,-9.88848627,1.05165949,0.738725781,1,0.0398258343,192.874649,0.960174143,1,0,0,0,0,7,0,0,14,56,56,0,0,0,0,0,0,56,0
4,23,-12.2542835,1.05165949,0.738725781,1,0.0398258343,192.874649,0.960174143,1,0,0,0,0,7,0,0,14,56,56,0,0,0,0,0,0,56,0
4,23,0,0.1,0.447393507,1,0.0846298933,183.874649,0.915370107,1,0,0,0,0,0,0,0,5,47,47,7.5,0,0,0,0,0,47,0
4,0,-0.448724866,0.1,0.447393507,1,0.0846298933,183.874649,0.915370107,1,0,0,0,0,0,0,0,5,47,47,7.5,0,0,0,0,0,47,0
4,12,0,0.222949794,0.345080405,0.870657265,0.12943396,174.874649,0.87056607,1,0,0,0,0,0,0,0,0,38,38,0,0,0,0,0,0,38,0
4,0,-2.08918036,0.222949794,0.345080405,0.870657265,0.12943396,174.874649,0.87056607,1,0,0,0,0,0,0,0,0,38,38,0,0,0,0,0,0,38,0
4,23,-4.38371879,0.222949794,0.345080405,0.870657265,0.12943396,174.874649,0.87056607,1,0,0,0,0,0,0,0,0,38,38,0,0,0,0,0,0,38,0
4,15,-6.05606687,0.222949794,0.345080405,0.870657265,0.12943396,174.874649,0.87056607,1,0,0,0,0,0,0,0,0,38,38,0,0,0,0,0,0,38,0
4,15,0,0.592260935,0.24970375,0.741314471,0.171748906,166.374649,0.828251123,1,0,0,0,0,0,0,0,11.5,29.5,29.5,0,0,0,0,0,0,29.5,0
4,23,-6.11091362,0.592260935,0.24970375,0.741314471,0.171748906,166.374649,0.828251123,1,0,0,0,0,0,0,0,11.5,29.5,29.5,0,0,0,0,0,0,29.5,0
4,0,-13.618366,0.592260935,0.24970375,0.741314471,0.171748906,166.374649,0.828251123,1,0,0,0,0,0,0,0,11.5,29.5,29.5,0,0,0,0,0,0,29.5,0
4,23,0,0.173070475,0.336409777,0.482628971,0.206596509,159.374649,0.793403506,1,0,0,0,0,0,0,0,4.5,22.5,22.5,9.5,0,0,0,0,0,22.5,0
4,0,-1.6440912,0.173070475,0.336409777,0.482628971,0.206596509,159.374649,0.793403506,1,0,0,0,0,0,0,0,4.5,22.5,22.5,9.5,0,0,0,0,0,22.5,0
4,0,0,0.78348779,0.24180387,0.353286207,0.248911455,150.874649,0.75108856,1,0,0,0,0,0,0,0,18,14,14,1,0,0,4,0,0,14,0
4,23,-7.78756107,0.78348779,0.24180387,0.353286207,0.248911455,150.874649,0.75108856,1,0,0,0,0,0,0,0,18,14,14,1,0,0,4,0,0,14,0
4,15,0,0.992951865,0.327739179,0.0946006924,0.288737297,142.874649,0.711262703,1,0,0,0,0,0,0,0,10,6,6,0,0,0,4,0,0,6,0
4,0,-8.88245977,0.992951865,0.327739179,0.0946006924,0.288737297,142.874649,0.711262703,1,0,0,0,0,0,0,0,10,6,6,0,0,0,4,0,0,6,0
4,23,-13.1041019,0.992951865,0.327739179,0.0946006924,0.288737297,142.874649,0.711262703,1,0,0,0,0,0,0,0,10,6,6,0,0,0,4,0,0,6,0
4,0,0,0.513481475,0.225426063,0.00030079711,0.328563124,134.874649,0.671436906,1,0,0,0,0,0,0,0,2,0,0,8.5,0,0,4,0,0,0,0
4,23,-4.29247837,0.513481475,0.225426063,0.00030079711,0.328563124,134.874649,0.671436906,1,0,0,0,0,0,0,0,2,0,0,8.5,0,0,4,0,0,0,0
4,6,-5.54395847,0.513481475,0.225426063,0.00030079711,0.328563124,134.874649,0.671436906,1,0,0,0,0,0,0,0,2,0,0,8.5,0,0,4,0,0,0,0
4,5,-15.4135585,0.513481475,0.225426063,0.00030079711,0.328563124,134.874649,0.671436906,1,0,0,0,0,0,0,0,2,0,0,8.5,0,0,4,0,0,0,0
4,0,0,0.1,0.334482998,0.00030079711,0.360921621,128.374649,0.639078379,1,0,0,0,0,0,0,0,16.5,55,55,2,0,0,4,0,0,55,0
4,23,-0.110039511,0.1,0.334482998,0.00030079711,0.360921621,128.374649,0.639078379,1,0,0,0,0,0,0,0,16.5,55,55,2,0,0,4,0,0,55,0
4,23,0,0.38852327,0.232169867,0.00030079711,0.405725658,119.374649,0.594274342,1,0,0,0,0,0,0,0,7.5,46,46,0,0,0,0,0,0,46,0
4,0,-4.19293977,0.38852327,0.232169867,0.00030079711,0.405725658,119.374649,0.594274342,1,0,0,0,0,0,0,0,7.5,46,46,0,0,0,0,0,0,46,0
4,15,-17.9196865,0.38852327,0.232169867,0.00030079711,0.405725658,119.374649,0.594274342,1,0,0,0,0,0,0,0,7.5,46,46,0,0,0,0,0,0,46,0
4,12,0,0.1,0.318105191,0.00030079711,0.445551515,111.374649,0.554448485,1,0,0,0,0,0,0,0,0,38,38,0,0,0,0,0,0,38,0
4,15,-0.161258634,0.1,0.318105191,0.00030079711,0.445551515,111.374649,0.554448485,1,0,0,0,0,0,0,0,0,38,38,0,0,0,0,0,0,38,0
4,23,-1.82019873,0.1,0.318105191,0.00030079711,0.445551515,111.374649,0.554448485,1,0,0,0,0,0,0,0,0,38,38,0,0,0,0,0,0,38,0
4,0,-4.39782138,0.1,0.318105191,0.00030079711,0.445551515,111.374649,0.554448485,1,0,0,0,0,0,0,0,0,38,38,0,0,0,0,0,0,38,0
4,23,0,0.525932467,0.223499268,0.00030079711,0.487866461,102.874649,0.512133539,1,0,0,0,0,8.5,0,0,11.5,29.5,29.5,0,0,0,0,0,0,29.5,0
4,0,-4.05766502,0.525932467,0.223499268,0.00030079711,0.487866461,102.874649,0.512133539,1,0,0,0,0,8.5,0,0,11.5,29.5,29.5,0,0,0,0,0,0,29.5,0
4,15,-9.79923253,0.525932467,0.223499268,0.00030079711,0.487866461,102.874649,0.512133539,1,0,0,0,0,8.5,0,0,11.5,29.5,29.5,0,0,0,0,0,0,29.5,0
4,23,0,0.1,0.310205311,0.00030079711,0.527692258,94.874649,0.472307712,1,0,0,0,0,0.5,0,0,3.5,21.5,21.5,0,0,0,0,0,0,21.5,0
4,0,-0.532142675,0.1,0.310205311,0.00030079711,0.527692258,94.874649,0.472307712,1,0,0,0,0,0.5,0,0,3.5,21.5,21.5,0,0,0,0,0,0,21.5,0
4,15,-2.36734845,0.1,0.310205311,0.00030079711,0.527692258,94.874649,0.472307712,1,0,0,0,0,0.5,0,0,3.5,21.5,21.5,0,0,0,0,0,0,21.5,0
4,0,0,0.1,0.214828655,0.00030079711,0.570007205,86.374649,0.429992765,1,0,0,0,0,0,0,0,15.5,13,13,0,0,0,0,0,0,13,0
4,15,-0.50989394,0.1,0.214828655,0.00030079711,0.570007205,86.374649,0.429992765,1,0,0,0,0,0,0,0,15.5,13,13,0,0,0,0,0,0,13,0
4,23,-2.3801665,0.1,0.214828655,0.00030079711,0.570007205,86.374649,0.429992765,1,0,0,0,0,0,0,0,15.5,13,13,0,0,0,0,0,0,13,0
4,15,0,0.572509988,0.301534683,0.00030079711,0.609833062,78.374649,0.390166938,1,0,0,8.5,0,0,0,0,7.5,5,5,0,0,0,0,0,0,5,0
4,0,-3.48977643,0.572509988,0.301534683,0.00030079711,0.609833062,78.374649,0.390166938,1,0,0,8.5,0,0,0,0,7.5,5,5,0,0,0,0,0,0,5,0
4,23,-3.84697783,0.572509988,0.301534683,0.00030079711,0.609833062,78.374649,0.390166938,1,0,0,8.5,0,0,0,0,7.5,5,5,0,0,0,0,0,0,5,0
4,0,0,0.220716972,0.213865265,0.00030079711,0.644680679,71.374649,0.355319321,1,0,0,8.5,0,0,0,0,0.5,58.5,58.5,9.5,0,0,0,0,0,58.5,0
4,23,-1.41791285,0.220716972,0.213865265,0.00030079711,0.644680679,71.374649,0.355319321,1,0,0,8.5,0,0,0,0,0.5,58.5,58.5,9.5,0,0,0,0,0,58.5,0
4,23,0,0.195382216,0.316949099,0.00030079711,0.681519568,63.9746475,0.318480432,1,0,0,1.10000002,0,0,0,0,16.5,51.0999985,51.0999985,2.0999999,0,0,0,0,0,51.0999985,0
4,0,-1.1178008,0.195382216,0.316949099,0.00030079711,0.681519568,63.9746475,0.318480432,1,0,0,1.10000002,0,0,0,0,16.5,51.0999985,51.0999985,2.0999999,0,0,0,0,0,51.0999985,0
4,0,0,0.106483871,0.223306581,0.00030079711,0.725825787,55.074646,0.274174213,1,0,0,10,0,0,0,0,7.5999999,42.2000008,42.2000008,0,0,0,0,0,0,42.2000008,0
4,23,-0.487653255,0.106483871,0.223306581,0.00030079711,0.725825787,55.074646,0.274174213,1,0,0,10,0,0,0,0,7.5999999,42.2000008,42.2000008,0,0,0,0,0,0,42.2000008,0
4,15,-3.55535205,0.106483871,0.223306581,0.00030079711,0.725825787,55.074646,0.274174213,1,0,0,10,0,0,0,0,7.5999999,42.2000008,42.2000008,0,0,0,0,0,0,42.2000008,0
4,12,0,0.1,0.317912489,0.00030079711,0.765153825,47.1746445,0.23484619,1,0,0,6.0999999,0,0,0,0,0,34.2999992,34.2999992,0,0,0,0,0,0,34.2999992,0
4,0,-0.341456626,0.1,0.317912489,0.00030079711,0.765153825,47.1746445,0.23484619,1,0,0,6.0999999,0,0,0,0,0,34.2999992,34.2999992,0,0,0,0,0,0,34.2999992,0
4,23,-2.43373943,0.1,0.317912489,0.00030079711,0.765153825,47.1746445,0.23484619,1,0,0,6.0999999,0,0,0,0,0,34.2999992,34.2999992,0,0,0,0,0,0,34.2999992,0
4,15,-6.21238541,0.1,0.317912489,0.00030079711,0.765153825,47.1746445,0.23484619,1,0,0,6.0999999,0,0,0,0,0,34.2999992,34.2999992,0,0,0,0,0,0,34.2999992,0
4,23,0,0.1,0.23197718,0.00030079711,0.806970954,38.7746468,0.193029076,1,0,0,6.0999999,0,0,0,0,11.6000004,25.8999996,25.8999996,0,0,0,0,0,0,25.8999996,0
4,15,-0.268060639,0.1,0.23197718,0.00030079711,0.806970954,38.7746468,0.193029076,1,0,0,6.0999999,0,0,0,0,11.6000004,25.8999996,25.8999996,0,0,0,0,0,0,25.8999996,0
4,0,-0.595394998,0.1,0.23197718,0.00030079711,0.806970954,38.7746468,0.193029076,1,0,0,6.0999999,0,0,0,0,11.6000004,25.8999996,25.8999996,0,0,0,0,0,0,25.8999996,0
4,15,0,0.506799428,0.318683237,0.00030079711,0.846796751,30.7746449,0.153203234,1,0,0,8.5,0,0,0,0,3.5999999,17.8999996,17.8999996,0,0,0,0,0,0,17.8999996,0
4,23,-1.99781089,0.506799428,0.318683237,0.00030079711,0.846796751,30.7746449,0.153203234,1,0,0,8.5,0,0,0,0,3.5999999,17.8999996,17.8999996,0,0,0,0,0,0,17.8999996,0
4,0,-4.27209744,0.506799428,0.318683237,0.00030079711,0.846796751,30.7746449,0.153203234,1,0,0,8.5,0,0,0,0,3.5999999,17.8999996,17.8999996,0,0,0,0,0,0,17.8999996,0
4,10,-5.16957392,0.506799428,0.318683237,0.00030079711,0.846796751,30.7746449,0.153203234,1,0,0,8.5,0,0,0,0,3.5999999,17.8999996,17.8999996,0,0,0,0,0,0,17.8999996,0
4,0,0,0.33982043,0.23197718,0.00030079711,0.88363564,23.3746452,0.116364338,1,0,0,1.10000002,0,0,0,0,18,10.5,10.5,9.10000038,0,0,0,0,0,10.5,0
4,23,-1.37270687,0.33982043,0.23197718,0.00030079711,0.88363564,23.3746452,0.116364338,1,0,0,1.10000002,0,0,0,0,18,10.5,10.5,9.10000038,0,0,0,0,0,10.5,0
4,23,0,0.66024464,0.327353835,0.00030079711,0.922963679,15.4746456,0.0770363286,1,0,0,6.0999999,0,11.1000004,0,0,10.1000004,2.5999999,2.5999999,1.20000005,0,0,0,0,0,2.5999999,0
4,0,-2.54385244,0.66024464,0.327353835,0.00030079711,0.922963679,15.4746456,0.0770363286,1,0,0,6.0999999,0,11.1000004,0,0,10.1000004,2.5999999,2.5999999,1.20000005,0,0,0,0,0,2.5999999,0
4,23,0,1.31257135,0.232940584,0.00030079711,0.967269897,6.57464552,0.0327300914,1,0,0,6.0999999,0,2.20000005,0,0,1.20000005,0,0,0,0,0,0,0,0,0,0
4,15,-3.00859578,1.31257135,0.232940584,0.00030079711,0.967269897,6.57464552,0.0327300914,1,0,0,6.0999999,0,2.20000005,0,0,1.20000005,0,0,0,0,0,0,0,0,0,0
4,0,-3.81905334,1.31257135,0.232940584,0.00030079711,0.967269897,6.57464552,0.0327300914,1,0,0,6.0999999,0,2.20000005,0,0,1.20000005,0,0,0,0,0,0,0,0,0,0
4,5,-6.57419613,1.31257135,0.232940584,0.00030079711,0.967269897,6.57464552,0.0327300914,1,0,0,6.0999999,0,2.20000005,0,0,1.20000005,0,0,0,0,0,0,0,0,0,0
5,5,0,0.31945532,1,1,0,182.668671,1,1,0,0,0,0,15,0,0,0,0,0,0,0,0,0,0,0,0,0
5,23,-3.85139854,0.31945532,1,1,0,182.668671,1,1,0,0,0,0,15,0,0,0,0,0,0,0,0,0,0,0,0,0
5,12,-5.92548851,0.31945532,1,1,0,182.668671,1,1,0,0,0,0,15,0,0,0,0,0,0,0,0,0,0,0,0,0
5,6,-7.8314731,0.31945532,1,1,0,182.668671,1,1,0,0,0,0,15,0,0,0,0,0,0,0,0,0,0,0,0,0
5,15,-14.6047236,0.31945532,1,1,0,182.668671,1,1,0,0,0,0,15,0,0,0,0,0,0,0,0,0,0,0,0,0
5,23,0,0.691607165,0.74739641,1,0.0465323366,174.168671,0.953467667,1,0,0,0,0,6.5,0,0,13,15.5,0,0,0,0,0,0,0,0,0
5,15,-5.51053696,0.691607165,0.74739641,1,0.0465323366,174.168671,0.953467667,1,0,0,0,0,6.5,0,0,13,15.5,0,0,0,0,0,0,0,0,0
5,0,-9.66496687,0.691607165,0.74739641,1,0.0465323366,174.168671,0.953467667,1,0,0,0,0,6.5,0,0,13,15.5,0,0,0,0,0,0,0,0,0
5,0,0,0.51314562,0.456064135,1,0.101276264,164.168671,0.898723722,1,0,0,0,0,0,0,0,3,5.5,0,0,0,0,4,0,0,0,0
5,23,-6.15352418,0.51314562,0.456064135,1,0.101276264,164.168671,0.898723722,1,0,0,0,0,0,0,0,3,5.5,0,0,0,0,4,0,0,0,0
5,15,-9.2813857,0.51314562,0.456064135,1,0.101276264,164.168671,0.898723722,1,0,0,0,0,0,0,0,3,5.5,0,0,0,0,4,0,0,0,0
5,15,0,0.633929679,0.376872599,0.870657265,0.142334208,156.668671,0.857665777,1,0,0,0,0,0,0,0,16.5,0,0,0,0,0,4,0,0,0,0
5,5,-6.43812467,0.633929679,0.376872599,0.870657265,0.142334208,156.668671,0.857665777,1,0,0,0,0,0,0,0,16.5,0,0,0,0,0,4,0,0,0,0
5,23,-10.2620088,0.633929679,0.376872599,0.870657265,0.142334208,156.668671,0.857665777,1,0,0,0,0,0,0,0,16.5,0,0,0,0,0,4,0,0,0,0
5,6,-14.234087,0.633929679,0.376872599,0.870657265,0.142334208,156.668671,0.857665777,1,0,0,0,0,0,0,0,16.5,0,0,0,0,0,4,0,0,0,0
5,0,-15.6437396,0.633929679,0.376872599,0.870657265,0.142334208,156.668671,0.857665777,1,0,0,0,0,0,0,0,16.5,0,0,0,0,0,4,0,0,0,0
5,0,0,0.604271877,0.289203167,0.741314471,0.180654958,149.668671,0.819345057,1,0,0,0,0,0,0,0,9.5,54.5,54.5,9.5,0,0,0,0,0,54.5,0
5,23,-4.98441895,0.604271877,0.289203167,0.741314471,0.180654958,149.668671,0.819345057,1,0,0,0,0,0,0,0,9.5,54.5,54.5,9.5,0,0,0,0,0,54.5,0
5,0,0,1.6363359,0.186890051,0.611971736,0.229924485,140.668671,0.7700755,1,0,0,0,0,0,0,0,0.5,45.5,45.5,0.5,0,0,0,0,0,45.5,0
5,23,-15.2412158,1.6363359,0.186890051,0.611971736,0.229924485,140.668671,0.7700755,1,0,0,0,0,0,0,0,0.5,45.5,45.5,0.5,0,0,0,0,0,45.5,0
5,0,0,0.221742889,0.280532569,0.353286207,0.270982444,133.168671,0.729017556,1,0,0,0,0,0,0,0,14,38,38,0,0,0,0,0,0,38,0
5,15,-2.08414546,0.221742889,0.280532569,0.353286207,0.270982444,133.168671,0.729017556,1,0,0,0,0,0,0,0,14,38,38,0,0,0,0,0,0,38,0
5,23,-2.96770523,0.221742889,0.280532569,0.353286207,0.270982444,133.168671,0.729017556,1,0,0,0,0,0,0,0,14,38,38,0,0,0,0,0,0,38,0
5,15,0,0.82858622,0.178219438,0.223943457,0.320251971,124.168671,0.679748058,1,0,0,0,0,0,0,0,5,29,29,0,0,0,0,0,0,29,0
5,23,-7.32396927,0.82858622,0.178219438,0.223943457,0.320251971,124.168671,0.679748058,1,0,0,0,0,0,0,0,5,29,29,0,0,0,0,0,0,29,0
5,0,-13.4197126,0.82858622,0.178219438,0.223943457,0.320251971,124.168671,0.679748058,1,0,0,0,0,0,0,0,5,29,29,0,0,0,0,0,0,29,0
5,0,0,0.43076719,0.26492548,0.00030079711,0.358572721,117.168671,0.641427279,1,0,0,0,0,0,0,0,0,22,22,9.5,0,0,0,0,0,22,0
5,23,-3.32229056,0.43076719,0.26492548,0.00030079711,0.358572721,117.168671,0.641427279,1,0,0,0,0,0,0,0,0,22,22,9.5,0,0,0,0,0,22,0
5,12,-5.13887561,0.43076719,0.26492548,0.00030079711,0.358572721,117.168671,0.641427279,1,0,0,0,0,0,0,0,0,22,22,9.5,0,0,0,0,0,22,0
5,23,0,0.172968589,0.358568013,0.00030079711,0.399630666,109.668671,0.600369334,1,0,0,0,0,0,0,0,14,14.5,14.5,2,0,0,0,0,0,14.5,0
5,0,-1.60504648,0.172968589,0.358568013,0.00030079711,0.399630666,109.668671,0.600369334,1,0,0,0,0,0,0,0,14,14.5,14.5,2,0,0,0,0,0,14.5,0
5,15,0,0.501247072,0.256254882,0.00030079711,0.448900193,100.668671,0.551099837,1,0,0,0,0,0,0,0,5,5.5,5.5,0,0,0,0,0,0,5.5,0
5,23,-4.9304339,0.501247072,0.256254882,0.00030079711,0.448900193,100.668671,0.551099837,1,0,0,0,0,0,0,0,5,5.5,5.5,0,0,0,0,0,0,5.5,0
5,0,-5.38834587,0.501247072,0.256254882,0.00030079711,0.448900193,100.668671,0.551099837,1,0,0,0,0,0,0,0,5,5.5,5.5,0,0,0,0,0,0,5.5,0
5,0,0,0.1,0.342190206,0.00030079711,0.487220943,93.6686707,0.512779057,1,0,0,0,0,0,0,0,0,0,0,9.5,0,0,4,0,0,0,0
5,6,-0.313728654,0.1,0.342190206,0.00030079711,0.487220943,93.6686707,0.512779057,1,0,0,0,0,0,0,0,0,0,0,9.5,0,0,4,0,0,0,0
5,5,-0.342017682,0.1,0.342190206,0.00030079711,0.487220943,93.6686707,0.512779057,1,0,0,0,0,0,0,0,0,0,0,9.5,0,0,4,0,0,0,0
5,23,-4.0667321,0.1,0.342190206,0.00030079711,0.487220943,93.6686707,0.512779057,1,0,0,0,0,0,0,0,0,0,0,9.5,0,0,4,0,0,0,0
5,12,-7.74706678,0.1,0.342190206,0.00030079711,0.487220943,93.6686707,0.512779057,1,0,0,0,0,0,0,0,0,0,0,9.5,0,0,4,0,0,0,0
5,23,0,0.648187217,0.26299867,0.00030079711,0.528278887,86.1686707,0.471721113,1,0,0,0,0,9,0,0,14,56,56,2,0,0,4,0,0,56,0
5,0,-4.21180421,0.648187217,0.26299867,0.00030079711,0.528278887,86.1686707,0.471721113,1,0,0,0,0,9,0,0,14,56,56,2,0,0,4,0,0,56,0
5,23,0,0.516786696,0.348933995,0.00030079711,0.572073996,78.1686707,0.427925974,1,0,0,0,0,1,0,0,6,48,48,0,0,0,0,0,0,48,0
5,0,-3.96450349,0.516786696,0.348933995,0.00030079711,0.572073996,78.1686707,0.427925974,1,0,0,0,0,1,0,0,6,48,48,0,0,0,0,0,0,48,0
5,15,-7.85944465,0.516786696,0.348933995,0.00030079711,0.572073996,78.1686707,0.427925974,1,0,0,0,0,1,0,0,6,48,48,0,0,0,0,0,0,48,0
5,0,0,0.1,0.254328072,0.00030079711,0.618606329,69.6686707,0.381393641,1,0,0,0,0,0,0,0,0,39.5,39.5,0,0,0,0,0,0,39.5,0
5,23,-0.409749757,0.1,0.254328072,0.00030079711,0.618606329,69.6686707,0.381393641,1,0,0,0,0,0,0,0,0,39.5,39.5,0,0,0,0,0,0,39.5,0
5,12,-0.852019182,0.1,0.254328072,0.00030079711,0.618606329,69.6686707,0.381393641,1,0,0,0,0,0,0,0,0,39.5,39.5,0,0,0,0,0,0,39.5,0
5,15,-7.01272616,0.1,0.254328072,0.00030079711,0.618606329,69.6686707,0.381393641,1,0,0,0,0,0,0,0,0,39.5,39.5,0,0,0,0,0,0,39.5,0
5,15,0,0.400777882,0.348741323,0.00030079711,0.659664273,62.1686668,0.340335697,1,0,0,8.5,0,0,0,0,14,32,32,0,0,0,0,0,0,32,0
5,23,-2.55272171,0.400777882,0.348741323,0.00030079711,0.659664273,62.1686668,0.340335697,1,0,0,8.5,0,0,0,0,14,32,32,0,0,0,0,0,0,32,0
5,0,-8.2182499,0.400777882,0.348741323,0.00030079711,0.659664273,62.1686668,0.340335697,1,0,0,8.5,0,0,0,0,14,32,32,0,0,0,0,0,0,32,0
5,10,-10.0566049,0.400777882,0.348741323,0.00030079711,0.659664273,62.1686668,0.340335697,1,0,0,8.5,0,0,0,0,14,32,32,0,0,0,0,0,0,32,0
5,0,0,0.357291922,0.254328072,0.00030079711,0.702912033,54.2686691,0.297087997,1,0,0,10,0,0,0,0,6.0999999,24.1000004,24.1000004,8.60000038,0,0,0,0,0,24.1000004,0
5,23,-2.19613627,0.357291922,0.254328072,0.00030079711,0.702912033,54.2686691,0.297087997,1,0,0,10,0,0,0,0,6.0999999,24.1000004,24.1000004,8.60000038,0,0,0,0,0,24.1000004,0
5,23,0,0.750695246,0.349704713,0.00030079711,0.746159732,46.3686676,0.253840297,1,0,0,6.0999999,0,0,0,0,0,16.2000008,16.2000008,0.699999988,0,0,0,0,0,16.2000008,0
5,0,-4.08506817,0.750695246,0.349704713,0.00030079711,0.746159732,46.3686676,0.253840297,1,0,0,6.0999999,0,0,0,0,0,16.2000008,16.2000008,0.699999988,0,0,0,0,0,16.2000008,0
5,12,-8.03662051,0.750695246,0.349704713,0.00030079711,0.746159732,46.3686676,0.253840297,1,0,0,6.0999999,0,0,0,0,0,16.2000008,16.2000008,0.699999988,0,0,0,0,0,16.2000008,0
5,23,0,0.652547344,0.26299867,0.00030079711,0.792144597,37.9686699,0.207855403,1,0,0,4.0999999,0,0,0,0,14.1000004,7.80000019,7.80000019,0,0,0,0,0,0,7.80000019,0
5,0,-3.65783896,0.652547344,0.26299867,0.00030079711,0.792144597,37.9686699,0.207855403,1,0,0,4.0999999,0,0,0,0,14.1000004,7.80000019,7.80000019,0,0,0,0,0,0,7.80000019,0
5,15,-5.58395523,0.652547344,0.26299867,0.00030079711,0.792144597,37.9686699,0.207855403,1,0,0,4.0999999,0,0,0,0,14.1000004,7.80000019,7.80000019,0,0,0,0,0,0,7.80000019,0
5,0,0,0.1,0.349704713,0.00030079711,0.835939765,29.968668,0.16406025,1,0,0,8.5,0,0,0,0,6.0999999,0,0,0,0,0,0,0,0,0,0
5,10,-0.384366765,0.1,0.349704713,0.00030079711,0.835939765,29.968668,0.16406025,1,0,0,8.5,0,0,0,0,6.0999999,0,0,0,0,0,0,0,0,0,0
5,5,-1.02267049,0.1,0.349704713,0.00030079711,0.835939765,29.968668,0.16406025,1,0,0,8.5,0,0,0,0,6.0999999,0,0,0,0,0,0,0,0,0,0
5,23,-2.29038275,0.1,0.349704713,0.00030079711,0.835939765,29.968668,0.16406025,1,0,0,8.5,0,0,0,0,6.0999999,0,0,0,0,0,0,0,0,0,0
5,15,-2.82646615,0.1,0.349704713,0.00030079711,0.835939765,29.968668,0.16406025,1,0,0,8.5,0,0,0,0,6.0999999,0,0,0,0,0,0,0,0,0,0
5,12,0,0.739093795,0.287854403,0.00030079711,0.879187465,22.0686684,0.120812558,1,0,0,10,0,0,0,0,0,20,0,0,0,0,0,0,0,0,0
5,23,-2.51255556,0.739093795,0.287854403,0.00030079711,0.879187465,22.0686684,0.120812558,1,0,0,10,0,0,0,0,0,20,0,0,0,0,0,0,0,0,0
5,0,-2.91748871,0.739093795,0.287854403,0.00030079711,0.879187465,22.0686684,0.120812558,1,0,0,10,0,0,0,0,0,20,0,0,0,0,0,0,0,0,0
5,15,-4.33022428,0.739093795,0.287854403,0.00030079711,0.879187465,22.0686684,0.120812558,1,0,0,10,0,0,0,0,0,20,0,0,0,0,0,0,0,0,0
5,23,0,0.537185528,0.201148376,0.00030079711,0.925172329,13.6686687,0.0748276561,1,0,0,10,0,0,0,0,11.6000004,11.6000004,0,0,0,0,0,0,0,0,0
5,0,-2.35611121,0.537185528,0.201148376,0.00030079711,0.925172329,13.6686687,0.0748276561,1,0,0,10,0,0,0,0,11.6000004,11.6000004,0,0,0,0,0,0,0,0,0
5,15,-4.41407959,0.537185528,0.201148376,0.00030079711,0.925172329,13.6686687,0.0748276561,1,0,0,10,0,0,0,0,11.6000004,11.6000004,0,0,0,0,0,0,0,0,0
5,0,0,0.647210589,0.296525002,0.00030079711,0.968420029,5.76866865,0.0315799564,1,0,0,4.5999999,0,0,0,0,3.70000005,3.70000005,0,0,0,0,0,0,0,0,0
5,23,-1.41517498,0.647210589,0.296525002,0.00030079711,0.968420029,5.76866865,0.0315799564,1,0,0,4.5999999,0,0,0,0,3.70000005,3.70000005,0,0,0,0,0,0,0,0,0
5,15,-5.69353851,0.647210589,0.296525002,0.00030079711,0.968420029,5.76866865,0.0315799564,1,0,0,4.5999999,0,0,0,0,3.70000005,3.70000005,0,0,0,0,0,0,0,0,0
6,6,0,1.3129076,1,1,0,188.008026,1,1,0,0,0,0,15,0,0,0,0,0,0,0,0,0,0,0,0,0
6,23,-12.3194725,1.3129076,1,1,0,188.008026,1,1,0,0,0,0,15,0,0,0,0,0,0,0,0,0,0,0,0,0
6,5,-14.927867,1.3129076,1,1,0,188.008026,1,1,0,0,0,0,15,0,0,0,0,0,0,0,0,0,0,0,0,0
6,15,-14.9499689,1.3129076,1,1,0,188.008026,1,1,0,0,0,0,15,0,0,0,0,0,0,0,0,0,0,0,0,0
6,12,-21.1313178,1.3129076,1,1,0,188.008026,1,1,0,0,0,0,15,0,0,0,0,0,0,0,0,0,0,0,0,0
6,23,0,0.291266931,0.731018603,1,0.0452108346,179.508026,0.954789162,1,0,0,0,0,6.5,0,0,13,51.5,51.5,0,0,0,0,0,0,51.5,0
6,0,-3.04663616,0.291266931,0.731018603,1,0.0452108346,179.508026,0.954789162,1,0,0,0,0,6.5,0,0,13,51.5,51.5,0,0,0,0,0,0,51.5,0
6,15,-12.7676536,0.291266931,0.731018603,1,0.0452108346,179.508026,0.954789162,1,0,0,0,0,6.5,0,0,13,51.5,51.5,0,0,0,0,0,0,51.5,0
6,0,0,0.2243538,0.439686328,1,0.0984000564,169.508026,0.901599944,1,0,0,0,0,0,0,0,3,41.5,41.5,0,0,0,0,0,0,41.5,0
6,23,-2.80282662,0.2243538,0.439686328,1,0.0984000564,169.508026,0.901599944,1,0,0,0,0,0,0,0,3,41.5,41.5,0,0,0,0,0,0,41.5,0
6,15,-8.14342222,0.2243538,0.439686328,1,0.0984000564,169.508026,0.901599944,1,0,0,0,0,0,0,0,3,41.5,41.5,0,0,0,0,0,0,41.5,0
6,15,0,0.551804595,0.345080405,0.870657265,0.143610895,161.008026,0.856389105,1,0,0,0,0,0,0,0,15.5,33,33,0,0,0,0,0,0,33,0
6,23,-5.39125683,0.551804595,0.345080405,0.870657265,0.143610895,161.008026,0.856389105,1,0,0,0,0,0,0,0,15.5,33,33,0,0,0,0,0,0,33,0
6,0,-5.91289193,0.551804595,0.345080405,0.870657265,0.143610895,161.008026,0.856389105,1,0,0,0,0,0,0,0,15.5,33,33,0,0,0,0,0,0,33,0
6,15,0,1.16020481,0.242767274,0.741314471,0.186162263,153.008026,0.813837707,1,0,0,0,0,0,0,0,7.5,25,25,0,0,0,0,0,0,25,0
6,23,-10.9696156,1.16020481,0.242767274,0.741314471,0.186162263,153.008026,0.813837707,1,0,0,0,0,0,0,0,7.5,25,25,0,0,0,0,0,0,25,0
6,0,-17.9585505,1.16020481,0.242767274,0.741314471,0.186162263,153.008026,0.813837707,1,0,0,0,0,0,0,0,7.5,25,25,0,0,0,0,0,0,25,0
6,23,0,1.17424051,0.328702599,0.482628971,0.223394722,146.008026,0.776605308,1,0,0,0,0,0,0,0,0.5,18,18,9.5,0,0,0,0,0,18,0
6,0,-10.5569495,1.17424051,0.328702599,0.482628971,0.223394722,146.008026,0.776605308,1,0,0,0,0,0,0,0,0.5,18,18,9.5,0,0,0,0,0,18,0
6,23,0,0.313699555,0.234096661,0.353286207,0.26860556,137.508026,0.73139447,1,0,0,0,0,0,0,0,14,9.5,9.5,1,0,0,0,0,0,9.5,0
6,0,-3.24512436,0.313699555,0.234096661,0.353286207,0.26860556,137.508026,0.73139447,1,0,0,0,0,0,0,0,14,9.5,9.5,1,0,0,0,0,0,9.5,0
6,23,0,0.326149691,0.320031971,0.0946006924,0.311156929,129.508026,0.688843071,1,0,0,0,0,0,0,0,6,1.5,1.5,0,0,0,0,0,0,1.5,0
6,0,-2.77888395,0.326149691,0.320031971,0.0946006924,0.311156929,129.508026,0.688843071,1,0,0,0,0,0,0,0,6,1.5,1.5,0,0,0,0,0,0,1.5,0
6,15,-3.52154655,0.326149691,0.320031971,0.0946006924,0.311156929,129.508026,0.688843071,1,0,0,0,0,0,0,0,6,1.5,1.5,0,0,0,0,0,0,1.5,0
6,0,0,0.918070959,0.248547673,0.00030079711,0.348389387,122.508026,0.651610613,1,0,0,0,0,0,0,0,0,58.5,58.5,0,0,0,0,0,0,58.5,0
6,23,-6.32036559,0.918070959,0.248547673,0.00030079711,0.348389387,122.508026,0.651610613,1,0,0,0,0,0,0,0,0,58.5,58.5,0,0,0,0,0,0,58.5,0
6,12,-11.2245927,0.918070959,0.248547673,0.00030079711,0.348389387,122.508026,0.651610613,1,0,0,0,0,0,0,0,0,58.5,58.5,0,0,0,0,0,0,58.5,0
6,15,-12.1374472,0.918070959,0.248547673,0.00030079711,0.348389387,122.508026,0.651610613,1,0,0,0,0,0,0,0,0,58.5,58.5,0,0,0,0,0,0,58.5,0
6,15,0,0.410365129,0.342190206,0.00030079711,0.388281286,115.008026,0.611718714,1,0,0,0,0,0,0,0,14,51,51,0,0,0,0,0,0,51,0
6,0,-3.12059948,0.410365129,0.342190206,0.00030079711,0.388281286,115.008026,0.611718714,1,0,0,0,0,0,0,0,14,51,51,0,0,0,0,0,0,51,0
6,23,-3.37329279,0.410365129,0.342190206,0.00030079711,0.388281286,115.008026,0.611718714,1,0,0,0,0,0,0,0,14,51,51,0,0,0,0,0,0,51,0
6,23,0,0.1,0.239877075,0.00030079711,0.430832684,107.008026,0.569167316,1,0,0,0,0,0,0,0,6,43,43,8.5,0,0,0,0,0,43,0
6,0,-0.527406515,0.1,0.239877075,0.00030079711,0.430832684,107.008026,0.569167316,1,0,0,0,0,0,0,0,6,43,43,8.5,0,0,0,0,0,43,0
6,12,0,0.630413538,0.325812399,0.00030079711,0.473384053,99.0080261,0.526615977,1,0,0,0,0,0,0,0,0,35,35,0.5,0,0,0,0,0,35,0
6,0,-4.60773903,0.630413538,0.325812399,0.00030079711,0.473384053,99.0080261,0.526615977,1,0,0,0,0,0,0,0,0,35,35,0.5,0,0,0,0,0,35,0
6,23,-5.9968237,0.630413538,0.325812399,0.00030079711,0.473384053,99.0080261,0.526615977,1,0,0,0,0,0,0,0,0,35,35,0.5,0,0,0,0,0,35,0
6,15,0,1.33598556,0.231206462,0.00030079711,0.518594861,90.5080261,0.481405109,1,0,0,0,0,8.5,0,0,11.5,26.5,26.5,0,0,0,0,0,0,26.5,0
6,0,-8.9192306,1.33598556,0.231206462,0.00030079711,0.518594861,90.5080261,0.481405109,1,0,0,0,0,8.5,0,0,11.5,26.5,26.5,0,0,0,0,0,0,26.5,0
6,23,-9.05868491,1.33598556,0.231206462,0.00030079711,0.518594861,90.5080261,0.481405109,1,0,0,0,0,8.5,0,0,11.5,26.5,26.5,0,0,0,0,0,0,26.5,0
6,0,0,0.409939041,0.317141771,0.00030079711,0.55582732,83.5080261,0.444172651,1,0,0,0,0,1.5,0,0,4.5,19.5,19.5,9.5,0,0,0,0,0,19.5,0
6,23,-3.8171977,0.409939041,0.317141771,0.00030079711,0.55582732,83.5080261,0.444172651,1,0,0,0,0,1.5,0,0,4.5,19.5,19.5,9.5,0,0,0,0,0,19.5,0
6,23,0,0.129724989,0.222535864,0.00030079711,0.601038158,75.0080261,0.398961812,1,0,0,0,0,0,0,0,18,11,11,1,0,0,0,0,0,11,0
6,0,-0.820117279,0.129724989,0.222535864,0.00030079711,0.601038158,75.0080261,0.398961812,1,0,0,0,0,0,0,0,18,11,11,1,0,0,0,0,0,11,0
6,0,0,1.55324277,0.309241891,0.00030079711,0.643589556,67.0080261,0.356410444,1,0,0,8.5,0,0,0,0,10,3,3,0,0,0,0,0,0,3,0
6,23,-11.4812749,1.55324277,0.309241891,0.00030079711,0.643589556,67.0080261,0.356410444,1,0,0,8.5,0,0,0,0,10,3,3,0,0,0,0,0,0,3,0
6,15,-15.4989813,1.55324277,0.309241891,0.00030079711,0.643589556,67.0080261,0.356410444,1,0,0,8.5,0,0,0,0,10,3,3,0,0,0,0,0,0,3,0
6,23,0,0.382459356,0.230243072,0.00030079711,0.685609043,59.1080246,0.314390957,1,0,0,10,0,0,0,0,2.0999999,56,56,0,0,0,0,0,0,56,0
6,0,-2.34588604,0.382459356,0.230243072,0.00030079711,0.685609043,59.1080246,0.314390957,1,0,0,10,0,0,0,0,2.0999999,56,56,0,0,0,0,0,0,56,0
6,15,-8.54657164,0.382459356,0.230243072,0.00030079711,0.685609043,59.1080246,0.314390957,1,0,0,10,0,0,0,0,2.0999999,56,56,0,0,0,0,0,0,56,0
6,12,0,0.176552624,0.325619698,0.00030079711,0.727628529,51.2080269,0.272371471,1,0,0,4.5999999,0,0,0,0,0,48.0999985,48.0999985,0,0,0,0,0,0,48.0999985,0
6,23,-1.04006525,0.176552624,0.325619698,0.00030079711,0.727628529,51.2080269,0.272371471,1,0,0,4.5999999,0,0,0,0,0,48.0999985,48.0999985,0,0,0,0,0,0,48.0999985,0
6,0,-4.39525305,0.176552624,0.325619698,0.00030079711,0.727628529,51.2080269,0.272371471,1,0,0,4.5999999,0,0,0,0,0,48.0999985,48.0999985,0,0,0,0,0,0,48.0999985,0
6,15,-6.94663388,0.176552624,0.325619698,0.00030079711,0.727628529,51.2080269,0.272371471,1,0,0,4.5999999,0,0,0,0,0,48.0999985,48.0999985,0,0,0,0,0,0,48.0999985,0
6,0,0,0.42912937,0.239684388,0.00030079711,0.772307456,42.8080254,0.227692544,1,0,0,6.0999999,0,0,0,0,11.6000004,39.7000008,39.7000008,0,0,0,0,0,0,39.7000008,0
6,23,-1.85839121,0.42912937,0.239684388,0.00030079711,0.772307456,42.8080254,0.227692544,1,0,0,6.0999999,0,0,0,0,11.6000004,39.7000008,39.7000008,0,0,0,0,0,0,39.7000008,0
6,15,-2.76325364,0.42912937,0.239684388,0.00030079711,0.772307456,42.8080254,0.227692544,1,0,0,6.0999999,0,0,0,0,11.6000004,39.7000008,39.7000008,0,0,0,0,0,0,39.7000008,0
6,15,0,0.292349786,0.325619698,0.00030079711,0.814858854,34.8080254,0.185141161,1,0,0,8.5,0,0,0,0,3.5999999,31.7000008,31.7000008,0,0,0,0,0,0,31.7000008,0
6,10,-1.39138436,0.292349786,0.325619698,0.00030079711,0.814858854,34.8080254,0.185141161,1,0,0,8.5,0,0,0,0,3.5999999,31.7000008,31.7000008,0,0,0,0,0,0,31.7000008,0
6,23,-1.74170467,0.292349786,0.325619698,0.00030079711,0.814858854,34.8080254,0.185141161,1,0,0,8.5,0,0,0,0,3.5999999,31.7000008,31.7000008,0,0,0,0,0,0,31.7000008,0
6,0,-2.65777078,0.292349786,0.325619698,0.00030079711,0.814858854,34.8080254,0.185141161,1,0,0,8.5,0,0,0,0,3.5999999,31.7000008,31.7000008,0,0,0,0,0,0,31.7000008,0
6,23,0,0.141242149,0.239684388,0.00030079711,0.854218841,27.4080257,0.145781144,1,0,0,1.10000002,0,0,0,0,18,24.2999992,24.2999992,9.10000038,0,0,0,0,0,24.2999992,0
6,0,-0.69285559,0.141242149,0.239684388,0.00030079711,0.854218841,27.4080257,0.145781144,1,0,0,1.10000002,0,0,0,0,18,24.2999992,24.2999992,9.10000038,0,0,0,0,0,24.2999992,0
6,0,0,0.862555438,0.334290326,0.00030079711,0.896238327,19.5080242,0.103761666,1,0,0,4.5999999,0,0,0,0,10.1000004,16.3999996,16.3999996,1.20000005,0,0,0,0,0,16.3999996,0
6,23,-4.76827079,0.862555438,0.334290326,0.00030079711,0.896238327,19.5080242,0.103761666,1,0,0,4.5999999,0,0,0,0,10.1000004,16.3999996,16.3999996,1.20000005,0,0,0,0,0,16.3999996,0
6,15,0,0.304394899,0.240647793,0.00030079711,0.943576753,10.6080256,0.056423258,1,0,0,7.5999999,0,0,0,0,1.20000005,7.5,7.5,0,0,0,0,0,0,7.5,0
6,0,-0.873134452,0.304394899,0.240647793,0.00030079711,0.943576753,10.6080256,0.056423258,1,0,0,7.5999999,0,0,0,0,1.20000005,7.5,7.5,0,0,0,0,0,0,7.5,0
6,23,-4.11174984,0.304394899,0.240647793,0.00030079711,0.943576753,10.6080256,0.056423258,1,0,0,7.5999999,0,0,0,0,1.20000005,7.5,7.5,0,0,0,0,0,0,7.5,0
6,10,0,0.345583729,0.334290326,0.00030079711,0.978149712,4.10802507,0.0218502656,1,0,0,1.10000002,0,13.5,0,0,16.5,1,1,10,0,0,0,0,0,1,0
6,23,-1.08467098,0.345583729,0.334290326,0.00030079711,0.978149712,4.10802507,0.0218502656,1,0,0,1.10000002,0,13.5,0,0,16.5,1,1,10,0,0,0,0,0,1,0
6,0,-7.69393719,0.345583729,0.334290326,0.00030079711,0.978149712,4.10802507,0.0218502656,1,0,0,1.10000002,0,13.5,0,0,16.5,1,1,10,0,0,0,0,0,1,0
7,6,0,1.21769069,1,1,0,178.16304,1,1,0,0,0,0,15,0,0,0,0,0,0,0,0,0,0,0,0,0
7,5,-13.2531169,1.21769069,1,1,0,178.16304,1,1,0,0,0,0,15,0,0,0,0,0,0,0,0,0,0,0,0,0
7,23,-21.1867939,1.21769069,1,1,0,178.16304,1,1,0,0,0,0,15,0,0,0,0,0,0,0,0,0,0,0,0,0
7,12,-21.2234989,1.21769069,1,1,0,178.16304,1,1,0,0,0,0,15,0,0,0,0,0,0,0,0,0,0,0,0,0
7,15,-25.837709,1.21769069,1,1,0,178.16304,1,1,0,0,0,0,15,0,0,0,0,0,0,0,0,0,0,0,0,0
7,23,0,0.1,0.731018603,1,0.0477091111,169.66304,0.952290893,1,0,0,0,0,6.5,0,0,13,51.5,51.5,0,0,0,0,0,0,51.5,0
7,15,-0.384362668,0.1,0.731018603,1,0.0477091111,169.66304,0.952290893,1,0,0,0,0,6.5,0,0,13,51.5,51.5,0,0,0,0,0,0,51.5,0
7,0,-4.69359196,0.1,0.731018603,1,0.0477091111,169.66304,0.952290893,1,0,0,0,0,6.5,0,0,13,51.5,51.5,0,0,0,0,0,0,51.5,0
7,23,0,0.395849042,0.439686328,1,0.103837475,159.66304,0.89616251,1,0,0,0,0,0,0,0,3,41.5,41.5,0,0,0,4,0,0,41.5,0
7,0,-3.24790494,0.395849042,0.439686328,1,0.103837475,159.66304,0.89616251,1,0,0,0,0,0,0,0,3,41.5,41.5,0,0,0,4,0,0,41.5,0
7,15,-7.75482841,0.395849042,0.439686328,1,0.103837475,159.66304,0.89616251,1,0,0,0,0,0,0,0,3,41.5,41.5,0,0,0,4,0,0,41.5,0
7,0,0,0.329129396,0.345080405,0.870657265,0.151546583,151.16304,0.848453403,1,0,0,0,0,0,0,0,16.5,33,33,0,0,0,0,0,0,33,0
7,23,-2.2843048,0.329129396,0.345080405,0.870657265,0.151546583,151.16304,0.848453403,1,0,0,0,0,0,0,0,16.5,33,33,0,0,0,0,0,0,33,0
7,15,-3.76391778,0.329129396,0.345080405,0.870657265,0.151546583,151.16304,0.848453403,1,0,0,0,0,0,0,0,16.5,33,33,0,0,0,0,0,0,33,0
7,0,0,0.1,0.242767274,0.741314471,0.202062115,142.16304,0.79793787,1,0,0,0,0,0,0,0,7.5,24,24,0,0,0,0,0,0,24,0
7,23,-0.396406393,0.1,0.242767274,0.741314471,0.202062115,142.16304,0.79793787,1,0,0,0,0,0,0,0,7.5,24,24,0,0,0,0,0,0,24,0
7,15,-7.18389345,0.1,0.242767274,0.741314471,0.202062115,142.16304,0.79793787,1,0,0,0,0,0,0,0,7.5,24,24,0,0,0,0,0,0,24,0
7,23,0,0.204823643,0.328702599,0.482628971,0.246964812,134.16304,0.753035188,1,0,0,0,0,0,0,0,0,16,16,0,0,0,0,0,0,16,0
7,0,-2.08321441,0.204823643,0.328702599,0.482628971,0.246964812,134.16304,0.753035188,1,0,0,0,0,0,0,0,0,16,16,0,0,0,0,0,0,16,0
7,12,-4.05228778,0.204823643,0.328702599,0.482628971,0.246964812,134.16304,0.753035188,1,0,0,0,0,0,0,0,0,16,16,0,0,0,0,0,0,16,0
7,15,-4.44028351,0.204823643,0.328702599,0.482628971,0.246964812,134.16304,0.753035188,1,0,0,0,0,0,0,0,0,16,16,0,0,0,0,0,0,16,0
7,15,0,0.749787758,0.234096661,0.353286207,0.29467392,125.663033,0.70532608,1,0,0,0,0,0,0,0,14,7.5,7.5,0,0,0,0,0,0,7.5,0
7,23,-7.67166595,0.749787758,0.234096661,0.353286207,0.29467392,125.663033,0.70532608,1,0,0,0,0,0,0,0,14,7.5,7.5,0,0,0,0,0,0,7.5,0
7,0,-7.86906663,0.749787758,0.234096661,0.353286207,0.29467392,125.663033,0.70532608,1,0,0,0,0,0,0,0,14,7.5,7.5,0,0,0,0,0,0,7.5,0
7,0,0,0.597663592,0.320031971,0.0946006924,0.333963782,118.663033,0.666036248,1,0,0,0,0,0,0,0,7,0.5,0.5,9.5,0,0,0,0,0,0.5,0
7,23,-4.73452288,0.597663592,0.320031971,0.0946006924,0.333963782,118.663033,0.666036248,1,0,0,0,0,0,0,0,7,0.5,0.5,9.5,0,0,0,0,0,0.5,0
7,0,0,0.1,0.233133271,0.00030079711,0.378866464,110.663033,0.621133506,1,0,0,0,0,0,0,0,0,53.5,53.5,1.5,0,0,0,0,0,53.5,0
7,12,-0.601729962,0.1,0.233133271,0.00030079711,0.378866464,110.663033,0.621133506,1,0,0,0,0,0,0,0,0,53.5,53.5,1.5,0,0,0,0,0,53.5,0
7,23,-0.686398809,0.1,0.233133271,0.00030079711,0.378866464,110.663033,0.621133506,1,0,0,0,0,0,0,0,0,53.5,53.5,1.5,0,0,0,0,0,53.5,0
7,23,0,0.483352758,0.327546507,0.00030079711,0.420962751,103.163033,0.579037249,1,0,0,0,0,0,0,0,14,46,46,0,0,0,0,0,0,46,0
7,0,-3.20466385,0.483352758,0.327546507,0.00030079711,0.420962751,103.163033,0.579037249,1,0,0,0,0,0,0,0,14,46,46,0,0,0,0,0,0,46,0
7,15,-11.4697962,0.483352758,0.327546507,0.00030079711,0.420962751,103.163033,0.579037249,1,0,0,0,0,0,0,0,14,46,46,0,0,0,0,0,0,46,0
7,23,0,0.856207527,0.224462658,0.00030079711,0.471478283,94.1630325,0.528521717,1,0,0,0,0,0,0,0,5,37,37,0,0,0,0,0,0,37,0
7,0,-6.5519935,0.856207527,0.224462658,0.00030079711,0.471478283,94.1630325,0.528521717,1,0,0,0,0,0,0,0,5,37,37,0,0,0,0,0,0,37,0
7,15,-9.60564737,0.856207527,0.224462658,0.00030079711,0.471478283,94.1630325,0.528521717,1,0,0,0,0,0,0,0,5,37,37,0,0,0,0,0,0,37,0
7,12,0,0.347575687,0.3111687,0.00030079711,0.516380966,86.1630325,0.483619034,1,0,0,0,0,13.5,0,0,0,29,29,0,0,0,0,0,0,29,0
7,0,-2.09671119,0.347575687,0.3111687,0.00030079711,0.516380966,86.1630325,0.483619034,1,0,0,0,0,13.5,0,0,0,29,29,0,0,0,0,0,0,29,0
7,15,-3.49223898,0.347575687,0.3111687,0.00030079711,0.516380966,86.1630325,0.483619034,1,0,0,0,0,13.5,0,0,0,29,29,0,0,0,0,0,0,29,0
7,23,-10.7898011,0.347575687,0.3111687,0.00030079711,0.516380966,86.1630325,0.483619034,1,0,0,0,0,13.5,0,0,0,29,29,0,0,0,0,0,0,29,0
7,23,0,0.1,0.216562778,0.00030079711,0.564090073,77.6630325,0.435909927,1,0,0,0,0,5,0,0,11.5,20.5,20.5,0,0,0,0,0,0,20.5,0
7,15,-0.715989791,0.1,0.216562778,0.00030079711,0.564090073,77.6630325,0.435909927,1,0,0,0,0,5,0,0,11.5,20.5,20.5,0,0,0,0,0,0,20.5,0
7,0,-2.89573883,0.1,0.216562778,0.00030079711,0.564090073,77.6630325,0.435909927,1,0,0,0,0,5,0,0,11.5,20.5,20.5,0,0,0,0,0,0,20.5,0
7,15,0,0.587939342,0.302498102,0.00030079711,0.608992755,69.6630325,0.391007215,1,0,0,0,0,0,0,0,3.5,12.5,12.5,0,0,0,0,0,0,12.5,0
7,0,-3.93584785,0.587939342,0.302498102,0.00030079711,0.608992755,69.6630325,0.391007215,1,0,0,0,0,0,0,0,3.5,12.5,12.5,0,0,0,0,0,0,12.5,0
7,23,-6.46088735,0.587939342,0.302498102,0.00030079711,0.608992755,69.6630325,0.391007215,1,0,0,0,0,0,0,0,3.5,12.5,12.5,0,0,0,0,0,0,12.5,0
7,23,0,0.339492707,0.207892179,0.00030079711,0.651089072,62.1630325,0.348910958,1,0,0,0,0,0,0,0,18,5,5,9,0,0,0,0,0,5,0
7,9,-1.83058701,0.339492707,0.207892179,0.00030079711,0.651089072,62.1630325,0.348910958,1,0,0,0,0,0,0,0,18,5,5,9,0,0,0,0,0,5,0
7,0,-2.1738161,0.339492707,0.207892179,0.00030079711,0.651089072,62.1630325,0.348910958,1,0,0,0,0,0,0,0,18,5,5,9,0,0,0,0,0,5,0
7,0,0,0.1,0.302498102,0.00030079711,0.695430458,54.2630348,0.304569542,1,0,0,4.5999999,0,0,0,0,10.1000004,0,0,1.10000002,0,0,0,0,0,0,0
7,23,-0.215778162,0.1,0.302498102,0.00030079711,0.695430458,54.2630348,0.304569542,1,0,0,4.5999999,0,0,0,0,10.1000004,0,0,1.10000002,0,0,0,0,0,0,0
7,5,-1.21745625,0.1,0.302498102,0.00030079711,0.695430458,54.2630348,0.304569542,1,0,0,4.5999999,0,0,0,0,10.1000004,0,0,1.10000002,0,0,0,0,0,0,0
7,0,0,0.628638529,0.240647793,0.00030079711,0.739771843,46.3630333,0.260228127,1,0,0,7.5999999,0,0,0,0,2.20000005,17.6000004,0,0,0,0,0,0,0,0,0
7,23,-3.51018233,0.628638529,0.240647793,0.00030079711,0.739771843,46.3630333,0.260228127,1,0,0,7.5999999,0,0,0,0,2.20000005,17.6000004,0,0,0,0,0,0,0,0,0
7,15,-5.02642479,0.628638529,0.240647793,0.00030079711,0.739771843,46.3630333,0.260228127,1,0,0,7.5999999,0,0,0,0,2.20000005,17.6000004,0,0,0,0,0,0,0,0,0
7,15,0,0.251446837,0.334290326,0.00030079711,0.78186816,38.8630333,0.218131855,1,0,0,6.5,0,0,0,0,16.5,10.1000004,0,0,0,0,0,0,0,0,0
7,0,-1.10212978,0.251446837,0.334290326,0.00030079711,0.78186816,38.8630333,0.218131855,1,0,0,6.5,0,0,0,0,16.5,10.1000004,0,0,0,0,0,0,0,0,0
7,10,-2.00853223,0.251446837,0.334290326,0.00030079711,0.78186816,38.8630333,0.218131855,1,0,0,6.5,0,0,0,0,16.5,10.1000004,0,0,0,0,0,0,0,0,0
7,23,-6.62371645,0.251446837,0.334290326,0.00030079711,0.78186816,38.8630333,0.218131855,1,0,0,6.5,0,0,0,0,16.5,10.1000004,0,0,0,0,0,0,0,0,0
7,23,0,0.441700873,0.240647793,0.00030079711,0.826209545,30.9630337,0.17379044,1,0,0,10,0,0,0,0,8.60000038,2.20000005,0,8.60000038,0,0,0,0,0,0,0
7,0,-2.20350424,0.441700873,0.240647793,0.00030079711,0.826209545,30.9630337,0.17379044,1,0,0,10,0,0,0,0,8.60000038,2.20000005,0,8.60000038,0,0,0,0,0,0,0
7,0,0,0.981448017,0.336024433,0.00030079711,0.87055099,23.0630322,0.12944904,1,0,0,4.5999999,0,0,0,0,0.699999988,0,0,0.699999988,0,0,0,0,0,0,0
7,5,-3.05014994,0.981448017,0.336024433,0.00030079711,0.87055099,23.0630322,0.12944904,1,0,0,4.5999999,0,0,0,0,0.699999988,0,0,0.699999988,0,0,0,0,0,0,0
7,23,-4.11163927,0.981448017,0.336024433,0.00030079711,0.87055099,23.0630322,0.12944904,1,0,0,4.5999999,0,0,0,0,0.699999988,0,0,0.699999988,0,0,0,0,0,0,0
7,23,0,0.1,0.272440016,0.00030079711,0.912647247,15.5630331,0.0873527601,1,0,0,10,0,0,0,0,14,20,0,0,0,0,0,0,0,0,0
7,0,-0.048789484,0.1,0.272440016,0.00030079711,0.912647247,15.5630331,0.0873527601,1,0,0,10,0,0,0,0,14,20,0,0,0,0,0,0,0,0,0
7,10,-0.683789934,0.1,0.272440016,0.00030079711,0.912647247,15.5630331,0.0873527601,1,0,0,10,0,0,0,0,14,20,0,0,0,0,0,0,0,0,0
7,15,-1.91561157,0.1,0.272440016,0.00030079711,0.912647247,15.5630331,0.0873527601,1,0,0,10,0,0,0,0,14,20,0,0,0,0,0,0,0,0,0
7,23,0,0.186279997,0.178797483,0.00030079711,0.962601483,6.66303301,0.0373985171,1,0,0,10,0,0,0,0,5.0999999,11.1000004,0,0,0,0,0,0,0,0,0
7,0,-0.534171138,0.186279997,0.178797483,0.00030079711,0.962601483,6.66303301,0.0373985171,1,0,0,10,0,0,0,0,5.0999999,11.1000004,0,0,0,0,0,0,0,0,0
7,15,-5.14318697,0.186279997,0.178797483,0.00030079711,0.962601483,6.66303301,0.0373985171,1,0,0,10,0,0,0,0,5.0999999,11.1000004,0,0,0,0,0,0,0,0,0
8,12,0,0.235904943,1,1,0,209.759079,1,1,0,0,0,0,15,0,0,0,0,0,0,0,0,0,0,0,0,0
8,6,-2.43492893,0.235904943,1,1,0,209.759079,1,1,0,0,0,0,15,0,0,0,0,0,0,0,0,0,0,0,0,0
8,23,-4.45177416,0.235904943,1,1,0,209.759079,1,1,0,0,0,0,15,0,0,0,0,0,0,0,0,0,0,0,0,0
8,15,-11.890002,0.235904943,1,1,0,209.759079,1,1,0,0,0,0,15,0,0,0,0,0,0,0,0,0,0,0,0,0
8,5,-17.3747035,0.235904943,1,1,0,209.759079,1,1,0,0,0,0,15,0,0,0,0,0,0,0,0,0,0,0,0,0
8,12,0,2.04853154,1,0.741314471,0.0333716199,202.759079,0.966628373,1,0,0,0,0,8,0,0,0,53,53,0,0,0,0,0,0,53,0
8,23,-18.2226622,2.04853154,1,0.741314471,0.0333716199,202.759079,0.966628373,1,0,0,0,0,8,0,0,0,53,53,0,0,0,0,0,0,53,0
8,15,-18.3499005,2.04853154,1,0.741314471,0.0333716199,202.759079,0.966628373,1,0,0,0,0,8,0,0,0,53,53,0,0,0,0,0,0,53,0
8,12,0,0.681446006,1,0.482628971,0.0691269264,195.259079,0.930873096,1,0,0,0,0,0.5,0,0,0,45.5,45.5,0,0,0,0,0,0,45.5,0
8,15,-4.63989824,0.681446006,1,0.482628971,0.0691269264,195.259079,0.930873096,1,0,0,0,0,0.5,0,0,0,45.5,45.5,0,0,0,0,0,0,45.5,0
8,23,-14.0194149,0.681446006,1,0.482628971,0.0691269264,195.259079,0.930873096,1,0,0,0,0,0.5,0,0,0,45.5,45.5,0,0,0,0,0,0,45.5,0
8,0,0,0.145767705,0.715604186,0.482628971,0.109649606,186.759079,0.890350401,1,0,0,0,0,0,0,0,11.5,37,37,10,0,0,0,0,0,37,0
8,23,-1.29094136,0.145767705,0.715604186,0.482628971,0.109649606,186.759079,0.890350401,1,0,0,0,0,0,0,0,11.5,37,37,10,0,0,0,0,0,37,0
8,0,0,1.27360585,0.802310228,0.223943457,0.147788599,178.759079,0.852211416,1,0,0,0,0,0,0,0,3.5,29,29,2,0,0,0,0,0,29,0
8,23,-11.0762042,1.27360585,0.802310228,0.223943457,0.147788599,178.759079,0.852211416,1,0,0,0,0,0,0,0,3.5,29,29,2,0,0,0,0,0,29,0
8,12,0,0.358703277,0.699997127,0.0946006924,0.190694958,169.759079,0.809305012,1,0,0,0,0,0,0,0,0,20,20,0,0,0,0,0,0,20,0
8,15,-3.17087936,0.358703277,0.699997127,0.0946006924,0.190694958,169.759079,0.809305012,1,0,0,0,0,0,0,0,0,20,20,0,0,0,0,0,0,20,0
8,0,-7.48007065,0.358703277,0.699997127,0.0946006924,0.190694958,169.759079,0.809305012,1,0,0,0,0,0,0,0,0,20,20,0,0,0,0,0,0,20,0
8,23,-8.53310518,0.358703277,0.699997127,0.0946006924,0.190694958,169.759079,0.809305012,1,0,0,0,0,0,0,0,0,20,20,0,0,0,0,0,0,20,0
8,12,0,0.42131945,0.785932422,0.00030079711,0.224066585,162.759079,0.775933444,1,0,0,0,0,0,0,0,0,13,13,15,0,0,0,0,0,13,0
8,0,-3.4723321,0.42131945,0.785932422,0.00030079711,0.224066585,162.759079,0.775933444,1,0,0,0,0,0,0,0,0,13,13,15,0,0,0,0,0,13,0
8,23,-12.0990544,0.42131945,0.785932422,0.00030079711,0.224066585,162.759079,0.775933444,1,0,0,0,0,0,0,0,0,13,13,15,0,0,0,0,0,13,0
8,12,0,3.33564925,0.494600147,0.00030079711,0.271740317,152.759079,0.728259683,1,0,0,0,0,0,0,0,0,3,3,5,0,0,0,0,0,3,0
8,0,-25.4684647,3.33564925,0.494600147,0.00030079711,0.271740317,152.759079,0.728259683,1,0,0,0,0,0,0,0,0,3,3,5,0,0,0,0,0,3,0
8,23,-29.3192904,3.33564925,0.494600147,0.00030079711,0.271740317,152.759079,0.728259683,1,0,0,0,0,0,0,0,0,3,3,5,0,0,0,0,0,3,0
8,23,0,1.46522612,0.22561875,0.00030079711,0.307495624,145.259079,0.692504346,1,0,0,0,0,0,0,0,12.5,57,57,15,0,0,0,0,0,57,0
8,0,-10.9534499,1.46522612,0.22561875,0.00030079711,0.307495624,145.259079,0.692504346,1,0,0,0,0,0,0,0,12.5,57,57,15,0,0,0,0,0,57,0
8,23,0,3.73025018,0.123305619,0.00030079711,0.350401998,136.259079,0.649598002,1,0,0,0,0,0,0,0,3.5,48,48,6,0,0,0,0,0,48,0
8,0,-23.1978328,3.73025018,0.123305619,0.00030079711,0.350401998,136.259079,0.649598002,1,0,0,0,0,0,0,0,3.5,48,48,6,0,0,0,0,0,48,0
8,12,0,0.1,0.210011661,0.00030079711,0.388540983,128.259079,0.611459017,1,0,0,0,0,0,0,0,0,40,40,0,0,0,0,0,0,40,0
8,23,-0.595829576,0.1,0.210011661,0.00030079711,0.388540983,128.259079,0.611459017,1,0,0,0,0,0,0,0,0,40,40,0,0,0,0,0,0,40,0
8,15,-1.25906693,0.1,0.210011661,0.00030079711,0.388540983,128.259079,0.611459017,1,0,0,0,0,0,0,0,0,40,40,0,0,0,0,0,0,40,0
8,0,-12.4720182,0.1,0.210011661,0.00030079711,0.388540983,128.259079,0.611459017,1,0,0,0,0,0,0,0,0,40,40,0,0,0,0,0,0,40,0
8,15,0,0.703245346,0.10769853,0.00030079711,0.431447357,119.259079,0.568552673,1,0,0,0,0,15,0,0,0,31,31,0,0,0,0,0,0,31,0
8,0,-5.94397804,0.703245346,0.10769853,0.00030079711,0.431447357,119.259079,0.568552673,1,0,0,0,0,15,0,0,0,31,31,0,0,0,0,0,0,31,0
8,23,-6.08813562,0.703245346,0.10769853,0.00030079711,0.431447357,119.259079,0.568552673,1,0,0,0,0,15,0,0,0,31,31,0,0,0,0,0,0,31,0
8,12,-13.9133252,0.703245346,0.10769853,0.00030079711,0.431447357,119.259079,0.568552673,1,0,0,0,0,15,0,0,0,31,31,0,0,0,0,0,0,31,0
8,0,0,1,0.00461468799,0.00030079711,0.474353701,110.259079,0.525646269,1,0,0,0,0,6,0,0,0,22,22,0,0,0,4,0,0,22,0
8,0,0,0.1,0.0913207233,0.00030079711,0.512492716,102.259079,0.487507284,1,0,0,0,0,0,0,0,0,14,14,0,0,0,0,0,0,14,0
8,23,-0.0452521657,0.1,0.0913207233,0.00030079711,0.512492716,102.259079,0.487507284,1,0,0,0,0,0,0,0,0,14,14,0,0,0,0,0,0,14,0
8,15,-2.4058262,0.1,0.0913207233,0.00030079711,0.512492716,102.259079,0.487507284,1,0,0,0,0,0,0,0,0,14,14,0,0,0,0,0,0,14,0
8,12,-3.97560805,0.1,0.0913207233,0.00030079711,0.512492716,102.259079,0.487507284,1,0,0,0,0,0,0,0,0,14,14,0,0,0,0,0,0,14,0
8,23,0,0.101060826,0.177256048,0.00030079711,0.545864344,95.259079,0.454135686,1,0,0,0,0,0,0,0,0,7,7,11,0,0,0,0,0,7,0
8,12,-0.63790053,0.101060826,0.177256048,0.00030079711,0.545864344,95.259079,0.454135686,1,0,0,0,0,0,0,0,0,7,7,11,0,0,0,0,0,7,0
8,0,-1.31461242,0.101060826,0.177256048,0.00030079711,0.545864344,95.259079,0.454135686,1,0,0,0,0,0,0,0,0,7,7,11,0,0,0,0,0,7,0
8,12,0,0.496943511,0.0749429166,0.00030079711,0.588770688,86.259079,0.411229312,1,0,0,10,0,0,0,0,0,0,0,2,0,0,0,0,0,0,0
8,23,-2.79096658,0.496943511,0.0749429166,0.00030079711,0.588770688,86.259079,0.411229312,1,0,0,10,0,0,0,0,0,0,0,2,0,0,0,0,0,0,0
8,0,-3.28012099,0.496943511,0.0749429166,0.00030079711,0.588770688,86.259079,0.411229312,1,0,0,10,0,0,0,0,0,0,0,2,0,0,0,0,0,0,0
8,6,-6.13426028,0.496943511,0.0749429166,0.00030079711,0.588770688,86.259079,0.411229312,1,0,0,10,0,0,0,0,0,0,0,2,0,0,0,0,0,0,0
8,5,-8.23368648,0.496943511,0.0749429166,0.00030079711,0.588770688,86.259079,0.411229312,1,0,0,10,0,0,0,0,0,0,0,2,0,0,0,0,0,0,0
8,15,0,0.156546503,0.177063361,0.00030079711,0.622142315,79.259079,0.377857685,1,0,0,5.5,0,0,0,0,0,57,57,0,0,0,0,0,0,57,0
8,12,-0.949761509,0.156546503,0.177063361,0.00030079711,0.622142315,79.259079,0.377857685,1,0,0,5.5,0,0,0,0,0,57,57,0,0,0,0,0,0,57,0
8,23,-2.45498206,0.156546503,0.177063361,0.00030079711,0.622142315,79.259079,0.377857685,1,0,0,5.5,0,0,0,0,0,57,57,0,0,0,0,0,0,57,0
8,0,-7.82984484,0.156546503,0.177063361,0.00030079711,0.622142315,79.259079,0.377857685,1,0,0,5.5,0,0,0,0,0,57,57,0,0,0,0,0,0,57,0
8,12,0,0.584197429,0.452017844,0.00030079711,0.650746524,73.259079,0.349253446,1,0,0,0,0,0,0,0,0,51,51,0,0,0,0,0,0,51,0
8,23,-2.37585171,0.584197429,0.452017844,0.00030079711,0.650746524,73.259079,0.349253446,1,0,0,0,0,0,0,0,0,51,51,0,0,0,0,0,0,51,0
8,15,-6.82092918,0.584197429,0.452017844,0.00030079711,0.650746524,73.259079,0.349253446,1,0,0,0,0,0,0,0,0,51,51,0,0,0,0,0,0,51,0
8,0,-9.18924264,0.584197429,0.452017844,0.00030079711,0.650746524,73.259079,0.349253446,1,0,0,0,0,0,0,0,0,51,51,0,0,0,0,0,0,51,0
8,9,-10.2321428,0.584197429,0.452017844,0.00030079711,0.650746524,73.259079,0.349253446,1,0,0,0,0,0,0,0,0,51,51,0,0,0,0,0,0,51,0
8,12,0,0.121561461,0.915991485,0.00030079711,0.679350793,67.259079,0.320649207,1,0,0,0,0,0,0,0,0,45,45,0,0,0,0,0,0,45,0
8,0,-0.64704879,0.121561461,0.915991485,0.00030079711,0.679350793,67.259079,0.320649207,1,0,0,0,0,0,0,0,0,45,45,0,0,0,0,0,0,45,0
8,23,-1.12191472,0.121561461,0.915991485,0.00030079711,0.679350793,67.259079,0.320649207,1,0,0,0,0,0,0,0,0,45,45,0,0,0,0,0,0,45,0
8,9,-4.40613602,0.121561461,0.915991485,0.00030079711,0.679350793,67.259079,0.320649207,1,0,0,0,0,0,0,0,0,45,45,0,0,0,0,0,0,45,0
8,15,-5.32491556,0.121561461,0.915991485,0.00030079711,0.679350793,67.259079,0.320649207,1,0,0,0,0,0,0,0,0,45,45,0,0,0,0,0,0,45,0
8,15,0,0.486215641,0.978805184,0.00030079711,0.717013061,59.3590813,0.282986939,1,0,0,6.0999999,0,0,0,0,0,37.0999985,37.0999985,0,0,0,0,0,0,37.0999985,0
8,12,-3.18242737,0.486215641,0.978805184,0.00030079711,0.717013061,59.3590813,0.282986939,1,0,0,6.0999999,0,0,0,0,0,37.0999985,37.0999985,0,0,0,0,0,0,37.0999985,0
8,23,-5.56715517,0.486215641,0.978805184,0.00030079711,0.717013061,59.3590813,0.282986939,1,0,0,6.0999999,0,0,0,0,0,37.0999985,37.0999985,0,0,0,0,0,0,37.0999985,0
8,0,-15.1205979,0.486215641,0.978805184,0.00030079711,0.717013061,59.3590813,0.282986939,1,0,0,6.0999999,0,0,0,0,0,37.0999985,37.0999985,0,0,0,0,0,0,37.0999985,0
8,12,0,0.445539304,0.686702192,0.00030079711,0.759919405,50.3590813,0.24008058,1,0,0,10,0,0,0,0,0,28.1000004,28.1000004,7.5,0,0,0,0,0,28.1000004,0
8,0,-2.06334409,0.445539304,0.686702192,0.00030079711,0.759919405,50.3590813,0.24008058,1,0,0,10,0,0,0,0,0,28.1000004,28.1000004,7.5,0,0,0,0,0,28.1000004,0
8,23,-4.67616547,0.445539304,0.686702192,0.00030079711,0.759919405,50.3590813,0.24008058,1,0,0,10,0,0,0,0,0,28.1000004,28.1000004,7.5,0,0,0,0,0,28.1000004,0
8,10,-5.47477279,0.445539304,0.686702192,0.00030079711,0.759919405,50.3590813,0.24008058,1,0,0,10,0,0,0,0,0,28.1000004,28.1000004,7.5,0,0,0,0,0,28.1000004,0
8,15,0,0.1,0.584389031,0.00030079711,0.802825809,41.3590813,0.197174221,1,0,0,8.5,0,0,0,0,0,19.1000004,19.1000004,0,0,0,0,0,0,19.1000004,0
8,12,-0.395256042,0.1,0.584389031,0.00030079711,0.802825809,41.3590813,0.197174221,1,0,0,8.5,0,0,0,0,0,19.1000004,19.1000004,0,0,0,0,0,0,19.1000004,0
8,0,-8.84602608,0.1,0.584389031,0.00030079711,0.802825809,41.3590813,0.197174221,1,0,0,8.5,0,0,0,0,0,19.1000004,19.1000004,0,0,0,0,0,0,19.1000004,0
8,23,-9.45055116,0.1,0.584389031,0.00030079711,0.802825809,41.3590813,0.197174221,1,0,0,8.5,0,0,0,0,0,19.1000004,19.1000004,0,0,0,0,0,0,19.1000004,0
8,10,-10.6643368,0.1,0.584389031,0.00030079711,0.802825809,41.3590813,0.197174221,1,0,0,8.5,0,0,0,0,0,19.1000004,19.1000004,0,0,0,0,0,0,19.1000004,0
8,12,0,0.627297833,0.868784845,0.00030079711,0.835720658,34.4590836,0.164279342,1,0,0,1.60000002,0,0,0,0,0,12.1999998,12.1999998,0,0,0,0,0,0,12.1999998,0
8,23,-3.08997781,0.627297833,0.868784845,0.00030079711,0.835720658,34.4590836,0.164279342,1,0,0,1.60000002,0,0,0,0,0,12.1999998,12.1999998,0,0,0,0,0,0,12.1999998,0
8,0,-3.17213814,0.627297833,0.868784845,0.00030079711,0.835720658,34.4590836,0.164279342,1,0,0,1.60000002,0,0,0,0,0,12.1999998,12.1999998,0,0,0,0,0,0,12.1999998,0
8,15,-7.23658966,0.627297833,0.868784845,0.00030079711,0.835720658,34.4590836,0.164279342,1,0,0,1.60000002,0,0,0,0,0,12.1999998,12.1999998,0,0,0,0,0,0,12.1999998,0
8,23,0,0.444451378,0.962427378,0.00030079711,0.866708577,27.9590816,0.133291408,1,0,0,0,0,15,0,0,13.5,5.69999981,5.69999981,12,0,0,0,0,0,5.69999981,0
8,0,-1.8489192,0.444451378,0.962427378,0.00030079711,0.866708577,27.9590816,0.133291408,1,0,0,0,0,15,0,0,13.5,5.69999981,5.69999981,12,0,0,0,0,0,5.69999981,0
8,9,-4.73277345,0.444451378,0.962427378,0.00030079711,0.866708577,27.9590816,0.133291408,1,0,0,0,0,15,0,0,13.5,5.69999981,5.69999981,12,0,0,0,0,0,5.69999981,0
8,5,0,3.40407916,0.978034496,0.00030079711,0.904370844,20.059082,0.0956291482,1,0,0,6.0999999,0,7.0999999,0,0,5.5999999,0,0,4.0999999,0,0,0,0,0,0,0
8,23,-12.8829061,3.40407916,0.978034496,0.00030079711,0.904370844,20.059082,0.0956291482,1,0,0,6.0999999,0,7.0999999,0,0,5.5999999,0,0,4.0999999,0,0,0,0,0,0,0
8,0,-12.9069062,3.40407916,0.978034496,0.00030079711,0.904370844,20.059082,0.0956291482,1,0,0,6.0999999,0,7.0999999,0,0,5.5999999,0,0,4.0999999,0,0,0,0,0,0,0
8,5,0,0.236828321,0.935452163,0.00030079711,0.942033112,12.1590824,0.0579668954,1,0,0,6.0999999,0,0,0,0,0,0,0,0,0,0,0,0,0,0,0
8,15,-0.602260064,0.236828321,0.935452163,0.00030079711,0.942033112,12.1590824,0.0579668954,1,0,0,6.0999999,0,0,0,0,0,0,0,0,0,0,0,0,0,0,0
8,0,-1.60541725,0.236828321,0.935452163,0.00030079711,0.942033112,12.1590824,0.0579668954,1,0,0,6.0999999,0,0,0,0,0,0,0,0,0,0,0,0,0,0,0
8,23,-1.60541725,0.236828321,0.935452163,0.00030079711,0.942033112,12.1590824,0.0579668954,1,0,0,6.0999999,0,0,0,0,0,0,0,0,0,0,0,0,0,0,0
8,12,-7.86484394,0.236828321,0.935452163,0.00030079711,0.942033112,12.1590824,0.0579668954,1,0,0,6.0999999,0,0,0,0,0,0,0,0,0,0,0,0,0,0,0
8,23,0,0.240601654,0.926781595,0.00030079711,0.980172098,4.15908241,0.0198279023,1,0,0,10,0,0,0,0,0,0,0,0,0,0,0,0,0,0,0
8,10,-0.599552161,0.240601654,0.926781595,0.00030079711,0.980172098,4.15908241,0.0198279023,1,0,0,10,0,0,0,0,0,0,0,0,0,0,0,0,0,0,0
8,15,-5.24788754,0.240601654,0.926781595,0.00030079711,0.980172098,4.15908241,0.0198279023,1,0,0,10,0,0,0,0,0,0,0,0,0,0,0,0,0,0,0
8,5,-6.28158241,0.240601654,0.926781595,0.00030079711,0.980172098,4.15908241,0.0198279023,1,0,0,10,0,0,0,0,0,0,0,0,0,0,0,0,0,0,0
8,0,-6.65715563,0.240601654,0.926781595,0.00030079711,0.980172098,4.15908241,0.0198279023,1,0,0,10,0,0,0,0,0,0,0,0,0,0,0,0,0,0,0
8,12,-6.65715563,0.240601654,0.926781595,0.00030079711,0.980172098,4.15908241,0.0198279023,1,0,0,10,0,0,0,0,0,0,0,0,0,0,0,0,0,0,0
9,15,0,0.35836099,1,1,0,163.778915,1,1,0,0,0,0,15,0,0,0,0,0,0,0,0,0,0,0,0,0
9,12,-3.09032623,0.35836099,1,1,0,163.778915,1,1,0,0,0,0,15,0,0,0,0,0,0,0,0,0,0,0,0,0
9,5,-5.09125064,0.35836099,1,1,0,163.778915,1,1,0,0,0,0,15,0,0,0,0,0,0,0,0,0,0,0,0,0
9,6,-11.1984414,0.35836099,1,1,0,163.778915,1,1,0,0,0,0,15,0,0,0,0,0,0,0,0,0,0,0,0,0
9,23,-13.3193563,0.35836099,1,1,0,163.778915,1,1,0,0,0,0,15,0,0,0,0,0,0,0,0,0,0,0,0,0
9,12,0,1.62715555,1,0.741314471,0.0366347507,157.778915,0.963365257,1,0,0,0,0,9,0,0,0,55.5,55.5,10.5,0,0,0,0,0,55.5,0
9,23,-15.3039157,1.62715555,1,0.741314471,0.0366347507,157.778915,0.963365257,1,0,0,0,0,9,0,0,0,55.5,55.5,10.5,0,0,0,0,0,55.5,0
9,23,0,0.660508059,1,0.482628971,0.0854810849,149.778915,0.914518893,1,0,0,0,0,1,0,0,0,47.5,47.5,2.5,0,0,0,0,0,47.5,0
9,12,-6.11119223,0.660508059,1,0.482628971,0.0854810849,149.778915,0.914518893,1,0,0,0,0,1,0,0,0,47.5,47.5,2.5,0,0,0,0,0,47.5,0
9,12,0,0.599392174,1,0.223943457,0.134327427,141.778915,0.865672588,1,0,0,0,0,0,0,0,0,39.5,39.5,0,0,0,0,0,0,39.5,0
9,23,-6.06387525,0.599392174,1,0.223943457,0.134327427,141.778915,0.865672588,1,0,0,0,0,0,0,0,0,39.5,39.5,0,0,0,0,0,0,39.5,0
9,15,-15.5061267,0.599392174,1,0.223943457,0.134327427,141.778915,0.865672588,1,0,0,0,0,0,0,0,0,39.5,39.5,0,0,0,0,0,0,39.5,0
9,23,0,0.1,0.708667696,0.223943457,0.189279541,132.778915,0.810720444,1,0,0,0,0,0,0,0,0,30.5,30.5,7.5,0,0,0,0,0,30.5,0
9,0,-0.357649923,0.1,0.708667696,0.223943457,0.189279541,132.778915,0.810720444,1,0,0,0,0,0,0,0,0,30.5,30.5,7.5,0,0,0,0,0,30.5,0
9,12,-10.4893416,0.1,0.708667696,0.223943457,0.189279541,132.778915,0.810720444,1,0,0,0,0,0,0,0,0,30.5,30.5,7.5,0,0,0,0,0,30.5,0
9,15,0,0.4406216,0.605583847,0.0946006924,0.244231671,123.778923,0.755768299,1,0,0,0,0,0,0,0,0,21.5,21.5,0,0,0,0,0,0,21.5,0
9,0,-2.91098248,0.4406216,0.605583847,0.0946006924,0.244231671,123.778923,0.755768299,1,0,0,0,0,0,0,0,0,21.5,21.5,0,0,0,0,0,0,21.5,0
9,12,-8.02719976,0.4406216,0.605583847,0.0946006924,0.244231671,123.778923,0.755768299,1,0,0,0,0,0,0,0,0,21.5,21.5,0,0,0,0,0,0,21.5,0
9,23,-14.1508401,0.4406216,0.605583847,0.0946006924,0.244231671,123.778923,0.755768299,1,0,0,0,0,0,0,0,0,21.5,21.5,0,0,0,0,0,0,21.5,0
9,23,0,1.20390857,1,0.00030079711,0.280866414,117.778923,0.719133556,1,0,0,0,0,0,0,0,0,15.5,15.5,0,0,0,0,0,0,15.5,0
9,12,-10.2463757,1.20390857,1,0.00030079711,0.280866414,117.778923,0.719133556,1,0,0,0,0,0,0,0,0,15.5,15.5,0,0,0,0,0,0,15.5,0
9,15,-11.5374252,1.20390857,1,0.00030079711,0.280866414,117.778923,0.719133556,1,0,0,0,0,0,0,0,0,15.5,15.5,0,0,0,0,0,0,15.5,0
9,0,0,0.374285357,0.90462333,0.00030079711,0.326659858,110.278923,0.673340142,1,0,0,0,0,0,0,0,12.5,8,8,11,0,0,0,0,0,8,0
9,23,-2.57856604,0.374285357,0.90462333,0.00030079711,0.326659858,110.278923,0.673340142,1,0,0,0,0,0,0,0,12.5,8,8,11,0,0,0,0,0,8,0
9,23,0,1.02952353,0.926781595,0.00030079711,0.375506192,102.278923,0.624493778,1,0,0,0,0,0,0,0,4.5,0,0,3,0,0,0,0,0,0,0
9,0,-7.18558742,1.02952353,0.926781595,0.00030079711,0.375506192,102.278923,0.624493778,1,0,0,0,0,0,0,0,4.5,0,0,3,0,0,0,0,0,0,0
9,23,0,0.1,1,0.00030079711,0.418246746,95.278923,0.581753254,1,0,0,0,0,0,0,0,0,55.5,55.5,0,0,0,0,0,0,55.5,0
9,12,-0.0913096047,0.1,1,0.00030079711,0.418246746,95.278923,0.581753254,1,0,0,0,0,0,0,0,0,55.5,55.5,0,0,0,0,0,0,55.5,0
9,15,-0.816304,0.1,1,0.00030079711,0.418246746,95.278923,0.581753254,1,0,0,0,0,0,0,0,0,55.5,55.5,0,0,0,0,0,0,55.5,0
9,15,0,0.645817697,1,0.00030079711,0.46709308,87.278923,0.53290695,1,0,0,0,0,0,0,0,0,47.5,47.5,0,0,0,4,0,0,47.5,0
9,23,-4.5157005,0.645817697,1,0.00030079711,0.46709308,87.278923,0.53290695,1,0,0,0,0,0,0,0,0,47.5,47.5,0,0,0,4,0,0,47.5,0
9,12,-10.9057685,0.645817697,1,0.00030079711,0.46709308,87.278923,0.53290695,1,0,0,0,0,0,0,0,0,47.5,47.5,0,0,0,4,0,0,47.5,0
9,12,0,0.67802285,1,0.00030079711,0.515939415,79.278923,0.484060585,1,0,0,0,0,0,0,0,0,39.5,39.5,0,0,0,4,0,0,39.5,0
9,15,-3.43941499,0.67802285,1,0.00030079711,0.515939415,79.278923,0.484060585,1,0,0,0,0,0,0,0,0,39.5,39.5,0,0,0,4,0,0,39.5,0
9,23,-6.24653951,0.67802285,1,0.00030079711,0.515939415,79.278923,0.484060585,1,0,0,0,0,0,0,0,0,39.5,39.5,0,0,0,4,0,0,39.5,0
9,23,0,1,1,0.00030079711,0.555627048,72.778923,0.444372952,1,0,0,0,0,15,0,0,13.5,33,33,12,0,0,0,0,0,33,0
9,23,0,1,1,0.00030079711,0.604473412,64.778923,0.395526618,1,0,0,0,0,7,0,0,5.5,25,25,4,0,0,0,0,0,25,0
9,12,0,0.238915017,1,0.00030079711,0.653319716,56.778923,0.346680284,1,0,0,0,0,0,0,0,0,17,17,0,0,0,0,0,0,17,0
9,15,-1.34164535,0.238915017,1,0.00030079711,0.653319716,56.778923,0.346680284,1,0,0,0,0,0,0,0,0,17,17,0,0,0,0,0,0,17,0
9,23,-1.71929532,0.238915017,1,0.00030079711,0.653319716,56.778923,0.346680284,1,0,0,0,0,0,0,0,0,17,17,0,0,0,0,0,0,17,0
9,9,-7.96783385,0.238915017,1,0.00030079711,0.653319716,56.778923,0.346680284,1,0,0,0,0,0,0,0,0,17,17,0,0,0,0,0,0,17,0
9,9,0,0.1,1,0.00030079711,0.69300735,50.278923,0.30699262,1,0,0,0,0,0,0,0,13.5,10.5,10.5,12,0,0,0,0,0,10.5,0
9,23,-0.470400952,0.1,1,0.00030079711,0.69300735,50.278923,0.30699262,1,0,0,0,0,0,0,0,13.5,10.5,10.5,12,0,0,0,0,0,10.5,0
9,10,0,1.05481339,1,0.00030079711,0.735747933,43.278923,0.264252096,1,0,0,8.5,0,0,0,0,6.5,3.5,3.5,5,0,0,0,0,0,3.5,0
9,23,-5.74106635,1.05481339,1,0.00030079711,0.735747933,43.278923,0.264252096,1,0,0,8.5,0,0,0,0,6.5,3.5,3.5,5,0,0,0,0,0,3.5,0
9,5,0,0.594073717,1,0.00030079711,0.783983648,35.3789215,0.216016337,1,0,0,8.5,0,0,0,0,0,0,0,0,0,0,0,0,0,0,0
9,23,-2.48298046,0.594073717,1,0.00030079711,0.783983648,35.3789215,0.216016337,1,0,0,8.5,0,0,0,0,0,0,0,0,0,0,0,0,0,0,0
9,12,-7.70225105,0.594073717,1,0.00030079711,0.783983648,35.3789215,0.216016337,1,0,0,8.5,0,0,0,0,0,0,0,0,0,0,0,0,0,0,0
9,15,-9.78024739,0.594073717,1,0.00030079711,0.783983648,35.3789215,0.216016337,1,0,0,8.5,0,0,0,0,0,0,0,0,0,0,0,0,0,0,0
9,15,0,0.911596885,1,0.00030079711,0.826113641,28.4789219,0.173886374,1,0,0,1.60000002,0,0,0,0,0,17.1000004,0,0,0,0,0,0,0,0,0
9,12,-3.64602962,0.911596885,1,0.00030079711,0.826113641,28.4789219,0.173886374,1,0,0,1.60000002,0,0,0,0,0,17.1000004,0,0,0,0,0,0,0,0,0
9,23,-4.77482141,0.911596885,1,0.00030079711,0.826113641,28.4789219,0.173886374,1,0,0,1.60000002,0,0,0,0,0,17.1000004,0,0,0,0,0,0,0,0,0
9,23,0,0.641660576,0.862233758,0.00030079711,0.874349415,20.5789223,0.125650615,1,0,0,7.5999999,0,0,0,0,0,9.19999981,0,8.60000038,0,0,0,0,0,0,0
9,0,-2.5387456,0.641660576,0.862233758,0.00030079711,0.874349415,20.5789223,0.125650615,1,0,0,7.5999999,0,0,0,0,0,9.19999981,0,8.60000038,0,0,0,0,0,0,0
9,12,-3.86130762,0.641660576,0.862233758,0.00030079711,0.874349415,20.5789223,0.125650615,1,0,0,7.5999999,0,0,0,0,0,9.19999981,0,8.60000038,0,0,0,0,0,0,0
9,12,0,1.83976497,0.854333878,0.00030079711,0.92319572,12.5789223,0.0768042803,1,0,0,10,0,0,0,0,0,1.20000005,0,0.600000024,0,0,0,0,0,0,0
9,0,-4.8594666,1.83976497,0.854333878,0.00030079711,0.92319572,12.5789223,0.0768042803,1,0,0,10,0,0,0,0,0,1.20000005,0,0.600000024,0,0,0,0,0,0,0
9,10,-6.01776816,1.83976497,0.854333878,0.00030079711,0.92319572,12.5789223,0.0768042803,1,0,0,10,0,0,0,0,0,1.20000005,0,0.600000024,0,0,0,0,0,0,0
9,23,-7.10063297,1.83976497,0.854333878,0.00030079711,0.92319572,12.5789223,0.0768042803,1,0,0,10,0,0,0,0,0,1.20000005,0,0.600000024,0,0,0,0,0,0,0
9,23,0,1.70988322,0.926781595,0.00030079711,0.971431494,4.6789217,0.028568523,1,0,0,10,0,0,0,0,0,0,0,0,0,0,0,0,0,0,0
9,15,-4.321992,1.70988322,0.926781595,0.00030079711,0.971431494,4.6789217,0.028568523,1,0,0,10,0,0,0,0,0,0,0,0,0,0,0,0,0,0,0
9,5,-5.35321998,1.70988322,0.926781595,0.00030079711,0.971431494,4.6789217,0.028568523,1,0,0,10,0,0,0,0,0,0,0,0,0,0,0,0,0,0,0
9,0,-6.72059674,1.70988322,0.926781595,0.00030079711,0.971431494,4.6789217,0.028568523,1,0,0,10,0,0,0,0,0,0,0,0,0,0,0,0,0,0,0
9,12,-6.7379561,1.70988322,0.926781595,0.00030079711,0.971431494,4.6789217,0.028568523,1,0,0,10,0,0,0,0,0,0,0,0,0,0,0,0,0,0,0
10,5,0,1.20132176,1,1,0,153.185181,1,1,0,0,0,0,15,0,0,0,0,0,0,0,0,0,0,0,0,0
10,23,-12.7224719,1.20132176,1,1,0,153.185181,1,1,0,0,0,0,15,0,0,0,0,0,0,0,0,0,0,0,0,0
10,15,-15.0435418,1.20132176,1,1,0,153.185181,1,1,0,0,0,0,15,0,0,0,0,0,0,0,0,0,0,0,0,0
10,12,-15.93274,1.20132176,1,1,0,153.185181,1,1,0,0,0,0,15,0,0,0,0,0,0,0,0,0,0,0,0,0
10,6,-16.3506495,1.20132176,1,1,0,153.185181,1,1,0,0,0,0,15,0,0,0,0,0,0,0,0,0,0,0,0,0
10,12,0,0.57811926,1,0.741314471,0.0456963256,146.185181,0.954303682,1,0,0,0,0,8,0,0,0,17,0,0,0,0,0,0,0,0,0
10,23,-6.39830534,0.57811926,1,0.741314471,0.0456963256,146.185181,0.954303682,1,0,0,0,0,8,0,0,0,17,0,0,0,0,0,0,0,0,0
10,15,-8.58397702,0.57811926,1,0.741314471,0.0456963256,146.185181,0.954303682,1,0,0,0,0,8,0,0,0,17,0,0,0,0,0,0,0,0,0
10,12,0,2.06896855,1,0.482628971,0.0881286338,139.685181,0.911871374,1,0,0,0,0,1.5,0,0,0,10.5,0,13.5,0,0,0,0,0,0,0
10,23,-20.0183151,2.06896855,1,0.482628971,0.0881286338,139.685181,0.911871374,1,0,0,0,0,1.5,0,0,0,10.5,0,13.5,0,0,0,0,0,0,0
10,12,0,0.370029183,1,0.223943457,0.137088984,132.185181,0.862911046,1,0,0,0,0,0,0,0,0,3,0,6,0,0,0,0,0,0,0
10,23,-4.22225972,0.370029183,1,0.223943457,0.137088984,132.185181,0.862911046,1,0,0,0,0,0,0,0,0,3,0,6,0,0,0,0,0,0,0
10,12,0,0.720367097,0.912330568,0.0946006924,0.189313352,124.185181,0.810686648,1,0,0,0,0,0,0,0,0,57,57,0,0,0,0,0,0,57,0
10,15,-6.48173249,0.720367097,0.912330568,0.0946006924,0.189313352,124.185181,0.810686648,1,0,0,0,0,0,0,0,0,57,57,0,0,0,0,0,0,57,0
10,23,-15.5878924,0.720367097,0.912330568,0.0946006924,0.189313352,124.185181,0.810686648,1,0,0,0,0,0,0,0,0,57,57,0,0,0,0,0,0,57,0
10,0,-18.8993313,0.720367097,0.912330568,0.0946006924,0.189313352,124.185181,0.810686648,1,0,0,0,0,0,0,0,0,57,57,0,0,0,0,0,0,57,0
10,0,0,0.84770082,0.628705502,0.0946006924,0.244801745,115.685181,0.75519824,1,0,0,0,0,0,0,0,11.5,48.5,48.5,10,0,0,0,0,0,48.5,0
10,23,-7.74621551,0.84770082,0.628705502,0.0946006924,0.244801745,115.685181,0.75519824,1,0,0,0,0,0,0,0,11.5,48.5,48.5,10,0,0,0,0,0,48.5,0
10,0,0,0.471618099,0.337373197,0.0946006924,0.310082227,105.685181,0.689917803,1,0,0,0,0,0,0,0,1.5,38.5,38.5,0,0,0,0,0,0,38.5,0
10,23,-3.23939431,0.471618099,0.337373197,0.0946006924,0.310082227,105.685181,0.689917803,1,0,0,0,0,0,0,0,1.5,38.5,38.5,0,0,0,0,0,0,38.5,0
10,12,0,1.20249552,0.801346838,0.00030079711,0.349250495,99.6851807,0.650749505,1,0,0,0,0,0,0,0,0,32.5,32.5,0,0,0,0,0,0,32.5,0
10,15,-9.72522076,1.20249552,0.801346838,0.00030079711,0.349250495,99.6851807,0.650749505,1,0,0,0,0,0,0,0,0,32.5,32.5,0,0,0,0,0,0,32.5,0
10,0,-20.3986517,1.20249552,0.801346838,0.00030079711,0.349250495,99.6851807,0.650749505,1,0,0,0,0,0,0,0,0,32.5,32.5,0,0,0,0,0,0,32.5,0
10,23,-20.4776428,1.20249552,0.801346838,0.00030079711,0.349250495,99.6851807,0.650749505,1,0,0,0,0,0,0,0,0,32.5,32.5,0,0,0,0,0,0,32.5,0
10,12,0,0.687280622,1,0.00030079711,0.394946814,92.6851807,0.605053186,1,0,0,0,0,0,0,0,0,25.5,25.5,0,0,0,0,0,0,25.5,0
10,15,-7.24203187,0.687280622,1,0.00030079711,0.394946814,92.6851807,0.605053186,1,0,0,0,0,0,0,0,0,25.5,25.5,0,0,0,0,0,0,25.5,0
10,23,-10.0273998,0.687280622,1,0.00030079711,0.394946814,92.6851807,0.605053186,1,0,0,0,0,0,0,0,0,25.5,25.5,0,0,0,0,0,0,25.5,0
10,12,0,0.1,1,0.00030079711,0.447171211,84.6851807,0.552828789,1,0,0,0,0,0,0,0,0,17.5,17.5,0,0,0,0,0,0,17.5,0
10,15,-0.0694473125,0.1,1,0.00030079711,0.447171211,84.6851807,0.552828789,1,0,0,0,0,0,0,0,0,17.5,17.5,0,0,0,0,0,0,17.5,0
10,23,-0.811771856,0.1,1,0.00030079711,0.447171211,84.6851807,0.552828789,1,0,0,0,0,0,0,0,0,17.5,17.5,0,0,0,0,0,0,17.5,0
10,23,0,0.128315557,0.854333878,0.00030079711,0.505923629,75.6851807,0.494076371,1,0,0,0,0,0,0,0,0,8.5,8.5,0,0,0,4,0,0,8.5,0
10,12,-1.12172573,0.128315557,0.854333878,0.00030079711,0.505923629,75.6851807,0.494076371,1,0,0,0,0,0,0,0,0,8.5,8.5,0,0,0,4,0,0,8.5,0
10,0,-7.05182307,0.128315557,0.854333878,0.00030079711,0.505923629,75.6851807,0.494076371,1,0,0,0,0,0,0,0,0,8.5,8.5,0,0,0,4,0,0,8.5,0
10,15,-9.10081683,0.128315557,0.854333878,0.00030079711,0.505923629,75.6851807,0.494076371,1,0,0,0,0,0,0,0,0,8.5,8.5,0,0,0,4,0,0,8.5,0
10,12,0,0.709428198,1,0.00030079711,0.545091927,69.6851807,0.454908103,1,0,0,0,0,0,0,0,0,2.5,2.5,13.5,0,0,4,0,0,2.5,0
10,23,-5.83519758,0.709428198,1,0.00030079711,0.545091927,69.6851807,0.454908103,1,0,0,0,0,0,0,0,0,2.5,2.5,13.5,0,0,4,0,0,2.5,0
10,23,0,1,1,0.00030079711,0.587524176,63.1851768,0.412475795,1,0,0,0,0,15,0,0,13.5,57,57,7,0,0,0,0,0,57,0
10,23,0,0.126768538,1,0.00030079711,0.639748573,55.1851768,0.360251427,1,0,0,0,0,7,0,0,5.5,49,49,0,0,0,0,0,0,49,0
10,15,-0.860862195,0.126768538,1,0.00030079711,0.639748573,55.1851768,0.360251427,1,0,0,0,0,7,0,0,5.5,49,49,0,0,0,0,0,0,49,0
10,12,0,2.19963999,1,0.00030079711,0.691972971,47.1851768,0.308027059,1,0,0,0,0,0,0,0,0,41,41,0,0,0,0,0,0,41,0
10,15,-14.9590653,2.19963999,1,0.00030079711,0.691972971,47.1851768,0.308027059,1,0,0,0,0,0,0,0,0,41,41,0,0,0,0,0,0,41,0
10,23,-23.6677504,2.19963999,1,0.00030079711,0.691972971,47.1851768,0.308027059,1,0,0,0,0,0,0,0,0,41,41,0,0,0,0,0,0,41,0
10,9,-26.8169329,2.19963999,1,0.00030079711,0.691972971,47.1851768,0.308027059,1,0,0,0,0,0,0,0,0,41,41,0,0,0,0,0,0,41,0
10,15,0,1.83079632,1,0.00030079711,0.744197309,39.1851768,0.255802661,1,0,0,0,0,0,0,0,0,33,33,0,0,0,0,0,0,33,0
10,12,-11.1467228,1.83079632,1,0.00030079711,0.744197309,39.1851768,0.255802661,1,0,0,0,0,0,0,0,0,33,33,0,0,0,0,0,0,33,0
10,23,-18.861445,1.83079632,1,0.00030079711,0.744197309,39.1851768,0.255802661,1,0,0,0,0,0,0,0,0,33,33,0,0,0,0,0,0,33,0
10,9,-19.1476992,1.83079632,1,0.00030079711,0.744197309,39.1851768,0.255802661,1,0,0,0,0,0,0,0,0,33,33,0,0,0,0,0,0,33,0
10,23,0,0.131233886,1,0.00030079711,0.796421707,31.1851788,0.203578293,1,0,0,8.5,0,0,0,0,0,25,25,0,0,0,0,0,0,25,0
10,15,-0.715238346,0.131233886,1,0.00030079711,0.796421707,31.1851788,0.203578293,1,0,0,8.5,0,0,0,0,0,25,25,0,0,0,0,0,0,25,0
10,12,-1.37290543,0.131233886,1,0.00030079711,0.796421707,31.1851788,0.203578293,1,0,0,8.5,0,0,0,0,0,25,25,0,0,0,0,0,0,25,0
10,10,-2.64754932,0.131233886,1,0.00030079711,0.796421707,31.1851788,0.203578293,1,0,0,8.5,0,0,0,0,0,25,25,0,0,0,0,0,0,25,0
10,15,0,1.16694401,1,0.00030079711,0.847993255,23.2851791,0.15200673,1,0,0,4.5999999,0,0,0,0,0,17.1000004,17.1000004,0,0,0,0,0,0,17.1000004,0
10,23,-7.65315601,1.16694401,1,0.00030079711,0.847993255,23.2851791,0.15200673,1,0,0,4.5999999,0,0,0,0,0,17.1000004,17.1000004,0,0,0,0,0,0,17.1000004,0
10,12,-7.9121754,1.16694401,1,0.00030079711,0.847993255,23.2851791,0.15200673,1,0,0,4.5999999,0,0,0,0,0,17.1000004,17.1000004,0,0,0,0,0,0,17.1000004,0
10,15,0,1.170462,0.862233758,0.00030079711,0.906092882,14.3851786,0.0939071178,1,0,0,7.5999999,0,0,0,0,0,8.19999981,8.19999981,0,0,0,0,0,0,8.19999981,0
10,12,-5.23831277,1.170462,0.862233758,0.00030079711,0.906092882,14.3851786,0.0939071178,1,0,0,7.5999999,0,0,0,0,0,8.19999981,8.19999981,0,0,0,0,0,0,8.19999981,0
10,0,-12.8090194,1.170462,0.862233758,0.00030079711,0.906092882,14.3851786,0.0939071178,1,0,0,7.5999999,0,0,0,0,0,8.19999981,8.19999981,0,0,0,0,0,0,8.19999981,0
10,23,-12.8767907,1.170462,0.862233758,0.00030079711,0.906092882,14.3851786,0.0939071178,1,0,0,7.5999999,0,0,0,0,0,8.19999981,8.19999981,0,0,0,0,0,0,8.19999981,0
10,5,0,1.01640232,0.570901453,0.00030079711,0.9648453,5.38517809,0.0351546966,1,0,0,10,0,0,0,0,0,0,0,7.5,0,0,0,0,0,0,0
10,0,-3.20710485,1.01640232,0.570901453,0.00030079711,0.9648453,5.38517809,0.0351546966,1,0,0,10,0,0,0,0,0,0,0,7.5,0,0,0,0,0,0,0
10,23,-4.46221464,1.01640232,0.570901453,0.00030079711,0.9648453,5.38517809,0.0351546966,1,0,0,10,0,0,0,0,0,0,0,7.5,0,0,0,0,0,0,0
10,10,-4.88778627,1.01640232,0.570901453,0.00030079711,0.9648453,5.38517809,0.0351546966,1,0,0,10,0,0,0,0,0,0,0,7.5,0,0,0,0,0,0,0
10,12,-8.03259471,1.01640232,0.570901453,0.00030079711,0.9648453,5.38517809,0.0351546966,1,0,0,10,0,0,0,0,0,0,0,7.5,0,0,0,0,0,0,0
11,23,0,0.1,1,1,0,165.753128,1,1,0,0,0,0,15,0,0,0,0,0,0,0,0,0,0,0,0,0
11,6,-0.399825366,0.1,1,1,0,165.753128,1,1,0,0,0,0,15,0,0,0,0,0,0,0,0,0,0,0,0,0
11,12,-2.85070049,0.1,1,1,0,165.753128,1,1,0,0,0,0,15,0,0,0,0,0,0,0,0,0,0,0,0,0
11,5,-6.75266225,0.1,1,1,0,165.753128,1,1,0,0,0,0,15,0,0,0,0,0,0,0,0,0,0,0,0,0
11,15,-14.2910472,0.1,1,1,0,165.753128,1,1,0,0,0,0,15,0,0,0,0,0,0,0,0,0,0,0,0,0
11,12,0,0.321251187,1,0.741314471,0.0422314815,158.753128,0.9577685,1,0,0,0,0,8,0,0,0,53,53,0,0,0,0,0,0,53,0
11,23,-3.11481474,0.321251187,1,0.741314471,0.0422314815,158.753128,0.9577685,1,0,0,0,0,8,0,0,0,53,53,0,0,0,0,0,0,53,0
11,15,-4.6145636,0.321251187,1,0.741314471,0.0422314815,158.753128,0.9577685,1,0,0,0,0,8,0,0,0,53,53,0,0,0,0,0,0,53,0
11,0,0,0.180476533,0.716374934,0.741314471,0.0935125649,150.253128,0.906487405,1,0,0,0,0,0,0,0,11.5,44.5,44.5,10,0,0,0,0,0,44.5,0
11,23,-1.66138315,0.180476533,0.716374934,0.741314471,0.0935125649,150.253128,0.906487405,1,0,0,0,0,0,0,0,11.5,44.5,44.5,10,0,0,0,0,0,44.5,0
11,15,0,1.5473212,0.425042629,0.741314471,0.153843254,140.253128,0.846156716,1,0,0,0,0,0,0,0,1.5,34.5,34.5,0,0,0,4,0,0,34.5,0
11,0,-15.2078828,1.5473212,0.425042629,0.741314471,0.153843254,140.253128,0.846156716,1,0,0,0,0,0,0,0,1.5,34.5,34.5,0,0,0,4,0,0,34.5,0
11,23,-17.496217,1.5473212,0.425042629,0.741314471,0.153843254,140.253128,0.846156716,1,0,0,0,0,0,0,0,1.5,34.5,34.5,0,0,0,4,0,0,34.5,0
11,12,0,0.409327166,0.132939622,0.741314471,0.20814088,131.253128,0.79185915,1,0,0,0,0,0,0,0,0,25.5,25.5,7.5,0,0,0,0,0,25.5,0
11,0,-3.67022263,0.409327166,0.132939622,0.741314471,0.20814088,131.253128,0.79185915,1,0,0,0,0,0,0,0,0,25.5,25.5,7.5,0,0,0,0,0,25.5,0
11,23,-7.95317407,0.409327166,0.132939622,0.741314471,0.20814088,131.253128,0.79185915,1,0,0,0,0,0,0,0,0,25.5,25.5,7.5,0,0,0,0,0,25.5,0
11,0,0,1,0.0383337028,0.611971736,0.259421974,122.75312,0.740578055,1,0,0,0,0,0,0,0,11.5,17,17,0,0,0,0,0,0,17,0
11,23,0,0.653921122,0.124269024,0.353286207,0.301653445,115.75312,0.698346555,1,0,0,0,0,0,0,0,4.5,10,10,11,0,0,0,0,0,10,0
11,0,-6.19979476,0.653921122,0.124269024,0.353286207,0.301653445,115.75312,0.698346555,1,0,0,0,0,0,0,0,4.5,10,10,11,0,0,0,0,0,10,0
11,12,0,0.122938248,0.589013398,0.00030079711,0.337851852,109.75312,0.662148118,1,0,0,0,0,0,0,0,0,4,4,5,0,0,0,0,0,4,0
11,0,-0.824141661,0.122938248,0.589013398,0.00030079711,0.337851852,109.75312,0.662148118,1,0,0,0,0,0,0,0,0,4,4,5,0,0,0,0,0,4,0
11,23,-5.22111088,0.122938248,0.589013398,0.00030079711,0.337851852,109.75312,0.662148118,1,0,0,0,0,0,0,0,0,4,4,5,0,0,0,0,0,4,0
11,23,0,0.133211647,0.698070288,0.00030079711,0.377066821,103.25312,0.622933209,1,0,0,0,0,0,0,0,13.5,58.5,58.5,0,0,0,0,0,0,58.5,0
11,0,-1.30339655,0.133211647,0.698070288,0.00030079711,0.377066821,103.25312,0.622933209,1,0,0,0,0,0,0,0,13.5,58.5,58.5,0,0,0,0,0,0,58.5,0
11,15,-5.00718126,0.133211647,0.698070288,0.00030079711,0.377066821,103.25312,0.622933209,1,0,0,0,0,0,0,0,13.5,58.5,58.5,0,0,0,0,0,0,58.5,0
11,23,0,0.1,0.973024786,0.00030079711,0.419298291,96.2531204,0.580701709,1,0,0,0,0,0,0,0,6.5,51.5,51.5,0,0,0,0,0,0,51.5,0
11,15,-0.700036432,0.1,0.973024786,0.00030079711,0.419298291,96.2531204,0.580701709,1,0,0,0,0,0,0,0,6.5,51.5,51.5,0,0,0,0,0,0,51.5,0
11,0,-6.84606957,0.1,0.973024786,0.00030079711,0.419298291,96.2531204,0.580701709,1,0,0,0,0,0,0,0,6.5,51.5,51.5,0,0,0,0,0,0,51.5,0
11,12,0,0.483665524,0.926781595,0.00030079711,0.467562854,88.2531204,0.532437146,1,0,0,0,0,0,0,0,0,43.5,43.5,0,0,0,0,0,0,43.5,0
11,15,-2.64174109,0.483665524,0.926781595,0.00030079711,0.467562854,88.2531204,0.532437146,1,0,0,0,0,0,0,0,0,43.5,43.5,0,0,0,0,0,0,43.5,0
11,0,-9.64364393,0.483665524,0.926781595,0.00030079711,0.467562854,88.2531204,0.532437146,1,0,0,0,0,0,0,0,0,43.5,43.5,0,0,0,0,0,0,43.5,0
11,23,-9.75078711,0.483665524,0.926781595,0.00030079711,0.467562854,88.2531204,0.532437146,1,0,0,0,0,0,0,0,0,43.5,43.5,0,0,0,0,0,0,43.5,0
11,12,0,1.1131293,0.926781595,0.00030079711,0.515827417,80.2531204,0.484172612,1,0,0,0,0,0,0,0,0,35.5,35.5,0,0,0,0,0,0,35.5,0
11,0,-7.78376767,1.1131293,0.926781595,0.00030079711,0.515827417,80.2531204,0.484172612,1,0,0,0,0,0,0,0,0,35.5,35.5,0,0,0,0,0,0,35.5,0
11,23,-8.39313563,1.1131293,0.926781595,0.00030079711,0.515827417,80.2531204,0.484172612,1,0,0,0,0,0,0,0,0,35.5,35.5,0,0,0,0,0,0,35.5,0
11,15,-15.5212155,1.1131293,0.926781595,0.00030079711,0.515827417,80.2531204,0.484172612,1,0,0,0,0,0,0,0,0,35.5,35.5,0,0,0,0,0,0,35.5,0
11,23,0,0.195432295,0.970134616,0.00030079711,0.558058858,73.2531204,0.441941112,1,0,0,0,0,13.5,0,0,0,28.5,28.5,11,0,0,0,0,0,28.5,0
11,12,-1.34880019,0.195432295,0.970134616,0.00030079711,0.558058858,73.2531204,0.441941112,1,0,0,0,0,13.5,0,0,0,28.5,28.5,11,0,0,0,0,0,28.5,0
11,0,-2.13746192,0.195432295,0.970134616,0.00030079711,0.558058858,73.2531204,0.441941112,1,0,0,0,0,13.5,0,0,0,28.5,28.5,11,0,0,0,0,0,28.5,0
11,12,0,0.784187508,1,0.00030079711,0.606323421,65.2531204,0.393676579,1,0,0,0,0,5.5,0,0,0,20.5,20.5,3,0,0,0,0,0,20.5,0
11,23,-4.58399059,0.784187508,1,0.00030079711,0.606323421,65.2531204,0.393676579,1,0,0,0,0,5.5,0,0,0,20.5,20.5,3,0,0,0,0,0,20.5,0
11,23,0,1,1,0.00030079711,0.64553839,58.7531204,0.35446164,1,0,0,0,0,0,0,0,13.5,14,14,13.5,0,0,0,0,0,14,0
11,23,0,1.04916528,1,0.00030079711,0.693802953,50.7531204,0.306197077,1,0,0,0,0,0,0,0,5.5,6,6,5.5,0,0,0,0,0,6,0
11,9,-6.69133033,1.04916528,1,0.00030079711,0.693802953,50.7531204,0.306197077,1,0,0,0,0,0,0,0,5.5,6,6,5.5,0,0,0,0,0,6,0
11,5,0,1.408778,1,0.00030079711,0.741464138,42.8531227,0.258535832,1,0,0,4.5999999,0,0,0,0,0,0,0,0,0,0,0,0,0,0,0
11,15,-6.28576704,1.408778,1,0.00030079711,0.741464138,42.8531227,0.258535832,1,0,0,4.5999999,0,0,0,0,0,0,0,0,0,0,0,0,0,0,0
11,12,-7.11281863,1.408778,1,0.00030079711,0.741464138,42.8531227,0.258535832,1,0,0,4.5999999,0,0,0,0,0,0,0,0,0,0,0,0,0,0,0
11,23,-15.7261731,1.408778,1,0.00030079711,0.741464138,42.8531227,0.258535832,1,0,0,4.5999999,0,0,0,0,0,0,0,0,0,0,0,0,0,0,0
11,5,0,0.272164367,0.863004446,0.00030079711,0.795158505,33.9531212,0.204841524,1,0,0,7.5999999,0,0,0,0,0,0,0,0,0,0,0,0,0,0,0
11,12,-1.30602572,0.272164367,0.863004446,0.00030079711,0.795158505,33.9531212,0.204841524,1,0,0,7.5999999,0,0,0,0,0,0,0,0,0,0,0,0,0,0,0
11,15,-8.23146499,0.272164367,0.863004446,0.00030079711,0.795158505,33.9531212,0.204841524,1,0,0,7.5999999,0,0,0,0,0,0,0,0,0,0,0,0,0,0,0
11,23,-10.8308264,0.272164367,0.863004446,0.00030079711,0.795158505,33.9531212,0.204841524,1,0,0,7.5999999,0,0,0,0,0,0,0,0,0,0,0,0,0,0,0
11,0,-14.6788201,0.272164367,0.863004446,0.00030079711,0.795158505,33.9531212,0.204841524,1,0,0,7.5999999,0,0,0,0,0,0,0,0,0,0,0,0,0,0,0
11,5,0,0.364789847,0.926781595,0.00030079711,0.837389946,26.9531212,0.162610039,1,0,0,10,0,0,0,0,0,0,0,0,0,0,0,0,0,0,0
11,12,-1.77472402,0.364789847,0.926781595,0.00030079711,0.837389946,26.9531212,0.162610039,1,0,0,10,0,0,0,0,0,0,0,0,0,0,0,0,0,0,0
11,23,-5.15298873,0.364789847,0.926781595,0.00030079711,0.837389946,26.9531212,0.162610039,1,0,0,10,0,0,0,0,0,0,0,0,0,0,0,0,0,0,0
11,15,-8.67170503,0.364789847,0.926781595,0.00030079711,0.837389946,26.9531212,0.162610039,1,0,0,10,0,0,0,0,0,0,0,0,0,0,0,0,0,0,0
11,0,-12.8970099,0.364789847,0.926781595,0.00030079711,0.837389946,26.9531212,0.162610039,1,0,0,10,0,0,0,0,0,0,0,0,0,0,0,0,0,0,0
11,10,-13.8755757,0.364789847,0.926781595,0.00030079711,0.837389946,26.9531212,0.162610039,1,0,0,10,0,0,0,0,0,0,0,0,0,0,0,0,0,0,0
11,5,0,2.00777683,0.926781595,0.00030079711,0.885051191,19.0531216,0.114948794,1,0,0,10,0,0,0,0,0,0,0,0,0,0,0,0,0,0,0
11,15,-10.903432,2.00777683,0.926781595,0.00030079711,0.885051191,19.0531216,0.114948794,1,0,0,10,0,0,0,0,0,0,0,0,0,0,0,0,0,0,0
11,12,-16.7764819,2.00777683,0.926781595,0.00030079711,0.885051191,19.0531216,0.114948794,1,0,0,10,0,0,0,0,0,0,0,0,0,0,0,0,0,0,0
11,23,-22.9881434,2.00777683,0.926781595,0.00030079711,0.885051191,19.0531216,0.114948794,1,0,0,10,0,0,0,0,0,0,0,0,0,0,0,0,0,0,0
11,0,-27.1379238,2.00777683,0.926781595,0.00030079711,0.885051191,19.0531216,0.114948794,1,0,0,10,0,0,0,0,0,0,0,0,0,0,0,0,0,0,0
11,15,0,0.270955637,0.926781595,0.00030079711,0.932712436,11.153121,0.0672875494,1,0,0,10,0,0,0,0,0,0,0,0,0,0,0,0,0,0,0
11,5,-1.22460374,0.270955637,0.926781595,0.00030079711,0.932712436,11.153121,0.0672875494,1,0,0,10,0,0,0,0,0,0,0,0,0,0,0,0,0,0,0
11,12,-6.65532545,0.270955637,0.926781595,0.00030079711,0.932712436,11.153121,0.0672875494,1,0,0,10,0,0,0,0,0,0,0,0,0,0,0,0,0,0,0
11,23,-13.1888258,0.270955637,0.926781595,0.00030079711,0.932712436,11.153121,0.0672875494,1,0,0,10,0,0,0,0,0,0,0,0,0,0,0,0,0,0,0
11,0,-14.4591168,0.270955637,0.926781595,0.00030079711,0.932712436,11.153121,0.0672875494,1,0,0,10,0,0,0,0,0,0,0,0,0,0,0,0,0,0,0
11,5,0,0.810358425,0.644119859,0.00030079711,0.986406744,2.25312114,0.0135932351,1,0,0,10,0,0,0,0,0,0,0,7.5999999,0,0,4,0,0,0,0
11,0,-1.67775784,0.810358425,0.644119859,0.00030079711,0.986406744,2.25312114,0.0135932351,1,0,0,10,0,0,0,0,0,0,0,7.5999999,0,0,4,0,0,0,0
11,12,-1.67775784,0.810358425,0.644119859,0.00030079711,0.986406744,2.25312114,0.0135932351,1,0,0,10,0,0,0,0,0,0,0,7.5999999,0,0,4,0,0,0,0
11,23,-1.67775784,0.810358425,0.644119859,0.00030079711,0.986406744,2.25312114,0.0135932351,1,0,0,10,0,0,0,0,0,0,0,7.5999999,0,0,4,0,0,0,0
12,12,0,2.64398567,1,1,0,207.116486,1,1,0,0,0,0,15,0,0,0,0,0,0,0,0,0,0,0,0,0
12,15,-18.4801545,2.64398567,1,1,0,207.116486,1,1,0,0,0,0,15,0,0,0,0,0,0,0,0,0,0,0,0,0
12,6,-19.0789494,2.64398567,1,1,0,207.116486,1,1,0,0,0,0,15,0,0,0,0,0,0,0,0,0,0,0,0,0
12,23,-21.5339162,2.64398567,1,1,0,207.116486,1,1,0,0,0,0,15,0,0,0,0,0,0,0,0,0,0,0,0,0
12,5,-33.0549154,2.64398567,1,1,0,207.116486,1,1,0,0,0,0,15,0,0,0,0,0,0,0,0,0,0,0,0,0
12,15,0,0.534482542,1,0.741314471,0.0337974057,200.116486,0.966202617,1,0,0,0,0,8,0,0,0,53,53,0,0,0,0,0,0,53,0
12,12,-5.22301918,0.534482542,1,0.741314471,0.0337974057,200.116486,0.966202617,1,0,0,0,0,8,0,0,0,53,53,0,0,0,0,0,0,53,0
12,23,-5.96183429,0.534482542,1,0.741314471,0.0337974057,200.116486,0.966202617,1,0,0,0,0,8,0,0,0,53,53,0,0,0,0,0,0,53,0
12,12,0,2.13773985,1,0.482628971,0.0675948113,193.116486,0.932405174,1,0,0,0,0,1,0,0,0,46,46,9.5,0,0,0,0,0,46,0
12,23,-18.2255183,2.13773985,1,0.482628971,0.0675948113,193.116486,0.932405174,1,0,0,0,0,1,0,0,0,46,46,9.5,0,0,0,0,0,46,0
12,23,0,0.35281477,1,0.223943457,0.106220417,185.116486,0.893779576,1,0,0,0,0,0,0,0,0,38,38,1.5,0,0,0,0,0,38,0
12,12,-3.18957304,0.35281477,1,0.223943457,0.106220417,185.116486,0.893779576,1,0,0,0,0,0,0,0,0,38,38,1.5,0,0,0,0,0,38,0
12,23,0,0.499902393,1,0.00030079711,0.144846022,177.116486,0.855153978,1,0,0,0,0,0,0,0,0,30,30,0,0,0,0,0,0,30,0
12,15,-3.6262729,0.499902393,1,0.00030079711,0.144846022,177.116486,0.855153978,1,0,0,0,0,0,0,0,0,30,30,0,0,0,0,0,0,30,0
12,12,-9.43572909,0.499902393,1,0.00030079711,0.144846022,177.116486,0.855153978,1,0,0,0,0,0,0,0,0,30,30,0,0,0,0,0,0,30,0
12,12,0,0.331930126,0.708667696,0.00030079711,0.193128034,167.116486,0.806871951,1,0,0,0,0,0,0,0,0,20,20,0,0,0,0,0,0,20,0
12,0,-2.83635022,0.331930126,0.708667696,0.00030079711,0.193128034,167.116486,0.806871951,1,0,0,0,0,0,0,0,0,20,20,0,0,0,0,0,0,20,0
12,23,-3.01289287,0.331930126,0.708667696,0.00030079711,0.193128034,167.116486,0.806871951,1,0,0,0,0,0,0,0,0,20,20,0,0,0,0,0,0,20,0
12,15,-17.7288462,0.331930126,0.708667696,0.00030079711,0.193128034,167.116486,0.806871951,1,0,0,0,0,0,0,0,0,20,20,0,0,0,0,0,0,20,0
12,0,0,0.113227006,0.424271911,0.00030079711,0.23416774,158.616486,0.765832245,1,0,0,0,0,0,0,0,11.5,11.5,11.5,10,0,0,0,0,0,11.5,0
12,23,-1.09711788,0.113227006,0.424271911,0.00030079711,0.23416774,158.616486,0.765832245,1,0,0,0,0,0,0,0,11.5,11.5,11.5,10,0,0,0,0,0,11.5,0
12,0,0,0.23247016,0.32195878,0.00030079711,0.277621537,149.616486,0.722378433,1,0,0,0,0,0,0,0,2.5,2.5,2.5,1,0,0,0,0,0,2.5,0
12,23,-1.73880124,0.23247016,0.32195878,0.00030079711,0.277621537,149.616486,0.722378433,1,0,0,0,0,0,0,0,2.5,2.5,2.5,1,0,0,0,0,0,2.5,0
12,0,0,0.990575588,0.612327695,0.00030079711,0.306590766,143.616486,0.693409264,1,0,0,0,0,0,0,0,0,57,57,0,0,0,0,0,0,57,0
12,15,-7.25459889,0.990575588,0.612327695,0.00030079711,0.306590766,143.616486,0.693409264,1,0,0,0,0,0,0,0,0,57,57,0,0,0,0,0,0,57,0
12,23,-11.8984777,0.990575588,0.612327695,0.00030079711,0.306590766,143.616486,0.693409264,1,0,0,0,0,0,0,0,0,57,57,0,0,0,0,0,0,57,0
12,12,-13.9952893,0.990575588,0.612327695,0.00030079711,0.306590766,143.616486,0.693409264,1,0,0,0,0,0,0,0,0,57,57,0,0,0,0,0,0,57,0
12,15,0,0.227218898,1,0.00030079711,0.335559964,137.616486,0.664440036,1,0,0,0,0,0,0,0,0,51,51,0,0,0,0,0,0,51,0
12,23,-1.41630629,0.227218898,1,0.00030079711,0.335559964,137.616486,0.664440036,1,0,0,0,0,0,0,0,0,51,51,0,0,0,0,0,0,51,0
12,12,-4.10555983,0.227218898,1,0.00030079711,0.335559964,137.616486,0.664440036,1,0,0,0,0,0,0,0,0,51,51,0,0,0,0,0,0,51,0
12,0,0,0.436301893,0.85356313,0.00030079711,0.374185562,129.616486,0.625814438,1,0,0,0,0,0,0,0,0,43,43,8.5,0,0,0,0,0,43,0
12,12,-3.66233843,0.436301893,0.85356313,0.00030079711,0.374185562,129.616486,0.625814438,1,0,0,0,0,0,0,0,0,43,43,8.5,0,0,0,0,0,43,0
12,23,-9.34729592,0.436301893,0.85356313,0.00030079711,0.374185562,129.616486,0.625814438,1,0,0,0,0,0,0,0,0,43,43,8.5,0,0,0,0,0,43,0
12,12,0,0.1,1,0.00030079711,0.407982975,122.616486,0.592017055,1,0,0,0,0,0,0,0,0,36,36,1.5,0,0,0,0,0,36,0
12,23,-0.203340034,0.1,1,0.00030079711,0.407982975,122.616486,0.592017055,1,0,0,0,0,0,0,0,0,36,36,1.5,0,0,0,0,0,36,0
12,15,0,0.72157747,1,0.00030079711,0.446608573,114.616486,0.553391397,1,0,0,0,0,13.5,0,0,0,28,28,0,0,0,0,0,0,28,0
12,23,-5.62884516,0.72157747,1,0.00030079711,0.446608573,114.616486,0.553391397,1,0,0,0,0,13.5,0,0,0,28,28,0,0,0,0,0,0,28,0
12,12,-12.5138377,0.72157747,1,0.00030079711,0.446608573,114.616486,0.553391397,1,0,0,0,0,13.5,0,0,0,28,28,0,0,0,0,0,0,28,0
12,15,0,0.913044627,1,0.00030079711,0.485234171,106.616486,0.514765799,1,0,0,0,0,5.5,0,0,0,20,20,0,0,0,0,0,0,20,0
12,23,-5.27746297,0.913044627,1,0.00030079711,0.485234171,106.616486,0.514765799,1,0,0,0,0,5.5,0,0,0,20,20,0,0,0,0,0,0,20,0
12,12,-7.94136271,0.913044627,1,0.00030079711,0.485234171,106.616486,0.514765799,1,0,0,0,0,5.5,0,0,0,20,20,0,0,0,0,0,0,20,0
12,23,0,0.744280973,1,0.00030079711,0.523859799,98.6164856,0.476140201,1,0,0,0,0,0,0,0,0,12,12,0,0,0,0,0,0,12,0
12,15,-5.44423393,0.744280973,1,0.00030079711,0.523859799,98.6164856,0.476140201,1,0,0,0,0,0,0,0,0,12,12,0,0,0,0,0,0,12,0
12,12,-6.0887364,0.744280973,1,0.00030079711,0.523859799,98.6164856,0.476140201,1,0,0,0,0,0,0,0,0,12,12,0,0,0,0,0,0,12,0
12,12,0,0.366801224,1,0.00030079711,0.552828968,92.6164856,0.447171003,1,0,0,0,0,0,0,0,0,6,6,13.5,0,0,0,0,0,6,0
12,23,-2.34245847,0.366801224,1,0.00030079711,0.552828968,92.6164856,0.447171003,1,0,0,0,0,0,0,0,0,6,6,13.5,0,0,0,0,0,6,0
12,23,0,0.438132402,1,0.00030079711,0.589040518,85.1164856,0.410959512,1,0,0,8.5,0,0,0,0,12.5,0,0,6,0,0,0,0,0,0,0
12,6,-2.19935643,0.438132402,1,0.00030079711,0.589040518,85.1164856,0.410959512,1,0,0,8.5,0,0,0,0,12.5,0,0,6,0,0,0,0,0,0,0
12,5,-23.3728768,0.438132402,1,0.00030079711,0.589040518,85.1164856,0.410959512,1,0,0,8.5,0,0,0,0,12.5,0,0,6,0,0,0,0,0,0,0
12,23,0,0.389846214,1,0.00030079711,0.622837901,78.1164856,0.377162099,1,0,0,8.5,0,0,0,0,5.5,53,53,0,0,0,0,0,0,53,0
12,15,-2.60067001,0.389846214,1,0.00030079711,0.622837901,78.1164856,0.377162099,1,0,0,8.5,0,0,0,0,5.5,53,53,0,0,0,0,0,0,53,0
12,12,0,1.54371037,1,0.00030079711,0.656635284,71.1164856,0.343364686,1,0,0,5.5,0,0,0,0,0,46,46,13.5,0,0,0,0,0,46,0
12,10,-9.4384633,1.54371037,1,0.00030079711,0.656635284,71.1164856,0.343364686,1,0,0,5.5,0,0,0,0,0,46,46,13.5,0,0,0,0,0,46,0
12,23,-9.48795147,1.54371037,1,0.00030079711,0.656635284,71.1164856,0.343364686,1,0,0,5.5,0,0,0,0,0,46,46,13.5,0,0,0,0,0,46,0
12,12,0,1.36310012,1,0.00030079711,0.694778085,63.2164879,0.305221915,1,0,0,8.5,0,0,0,0,0,38.0999985,38.0999985,5.5999999,0,0,4,0,0,38.0999985,0
12,23,-7.29174634,1.36310012,1,0.00030079711,0.694778085,63.2164879,0.305221915,1,0,0,8.5,0,0,0,0,0,38.0999985,38.0999985,5.5999999,0,0,4,0,0,38.0999985,0
12,12,0,1.01318431,0.905586779,0.00030079711,0.7377491,54.3164902,0.26225093,1,0,0,6.0999999,0,0,0,0,0,29.2000008,29.2000008,0,0,0,4,0,0,29.2000008,0
12,0,-4.91338042,1.01318431,0.905586779,0.00030079711,0.7377491,54.3164902,0.26225093,1,0,0,6.0999999,0,0,0,0,0,29.2000008,29.2000008,0,0,0,4,0,0,29.2000008,0
12,15,-6.17324139,1.01318431,0.905586779,0.00030079711,0.7377491,54.3164902,0.26225093,1,0,0,6.0999999,0,0,0,0,0,29.2000008,29.2000008,0,0,0,4,0,0,29.2000008,0
12,23,-9.22084797,1.01318431,0.905586779,0.00030079711,0.7377491,54.3164902,0.26225093,1,0,0,6.0999999,0,0,0,0,0,29.2000008,29.2000008,0,0,0,4,0,0,29.2000008,0
12,10,0,0.373252627,0.621961653,0.00030079711,0.778788805,45.8164902,0.22121121,1,0,0,10,0,0,0,0,11.5,20.7000008,20.7000008,10,0,0,0,0,0,20.7000008,0
12,0,-1.79681172,0.373252627,0.621961653,0.00030079711,0.778788805,45.8164902,0.22121121,1,0,0,10,0,0,0,0,11.5,20.7000008,20.7000008,10,0,0,0,0,0,20.7000008,0
12,23,-6.3546676,0.373252627,0.621961653,0.00030079711,0.778788805,45.8164902,0.22121121,1,0,0,10,0,0,0,0,11.5,20.7000008,20.7000008,10,0,0,0,0,0,20.7000008,0
12,23,0,1.6339363,0.707897007,0.00030079711,0.817414403,37.8164902,0.182585597,1,0,0,7,0,0,0,0,3.5,12.6999998,12.6999998,2,0,0,0,0,0,12.6999998,0
12,10,-6.74874607,1.6339363,0.707897007,0.00030079711,0.817414403,37.8164902,0.182585597,1,0,0,7,0,0,0,0,3.5,12.6999998,12.6999998,2,0,0,0,0,0,12.6999998,0
12,0,-8.22814023,1.6339363,0.707897007,0.00030079711,0.817414403,37.8164902,0.182585597,1,0,0,7,0,0,0,0,3.5,12.6999998,12.6999998,2,0,0,0,0,0,12.6999998,0
12,23,0,1.18998839,0.803273618,0.00030079711,0.855557203,29.9164886,0.144442812,1,0,0,4.5999999,0,0,0,0,0,4.80000019,4.80000019,0,0,0,0,0,0,4.80000019,0
12,12,-4.44444211,1.18998839,0.803273618,0.00030079711,0.855557203,29.9164886,0.144442812,1,0,0,4.5999999,0,0,0,0,0,4.80000019,4.80000019,0,0,0,0,0,0,4.80000019,0
12,0,-6.57378251,1.18998839,0.803273618,0.00030079711,0.855557203,29.9164886,0.144442812,1,0,0,4.5999999,0,0,0,0,0,4.80000019,4.80000019,0,0,0,0,0,0,4.80000019,0
12,15,-8.979906,1.18998839,0.803273618,0.00030079711,0.855557203,29.9164886,0.144442812,1,0,0,4.5999999,0,0,0,0,0,4.80000019,4.80000019,0,0,0,0,0,0,4.80000019,0
12,5,0,2.79596338,1,0.00030079711,0.888871789,23.016489,0.111128233,1,0,0,0,0,13.5,0,0,0,0,0,0,0,0,0,0,0,0,0
12,12,-11.7528988,2.79596338,1,0.00030079711,0.888871789,23.016489,0.111128233,1,0,0,0,0,13.5,0,0,0,0,0,0,0,0,0,0,0,0,0
12,23,-13.7571987,2.79596338,1,0.00030079711,0.888871789,23.016489,0.111128233,1,0,0,0,0,13.5,0,0,0,0,0,0,0,0,0,0,0,0,0
12,15,-16.9794392,2.79596338,1,0.00030079711,0.888871789,23.016489,0.111128233,1,0,0,0,0,13.5,0,0,0,0,0,0,0,0,0,0,0,0,0
12,9,-18.5663167,2.79596338,1,0.00030079711,0.888871789,23.016489,0.111128233,1,0,0,0,0,13.5,0,0,0,0,0,0,0,0,0,0,0,0,0
12,23,0,1.7110871,0.863004446,0.00030079711,0.92701453,15.1164894,0.0729854479,1,0,0,7.5999999,0,5.5999999,0,0,0,16.1000004,0,0,0,0,0,0,0,0,0
12,15,-5.68444237,1.7110871,0.863004446,0.00030079711,0.92701453,15.1164894,0.0729854479,1,0,0,7.5999999,0,5.5999999,0,0,0,16.1000004,0,0,0,0,0,0,0,0,0
12,0,-8.73450583,1.7110871,0.863004446,0.00030079711,0.92701453,15.1164894,0.0729854479,1,0,0,7.5999999,0,5.5999999,0,0,0,16.1000004,0,0,0,0,0,0,0,0,0
12,12,-12.7404992,1.7110871,0.863004446,0.00030079711,0.92701453,15.1164894,0.0729854479,1,0,0,7.5999999,0,5.5999999,0,0,0,16.1000004,0,0,0,0,0,0,0,0,0
12,23,0,1.00142439,0.58034277,0.00030079711,0.974813759,5.21648932,0.0251862574,1,0,0,7.5999999,0,0,0,0,0,6.19999981,0,0,0,0,0,0,0,0,0
12,12,-2.54448931,1.00142439,0.58034277,0.00030079711,0.974813759,5.21648932,0.0251862574,1,0,0,7.5999999,0,0,0,0,0,6.19999981,0,0,0,0,0,0,0,0,0
12,15,-2.56409087,1.00142439,0.58034277,0.00030079711,0.974813759,5.21648932,0.0251862574,1,0,0,7.5999999,0,0,0,0,0,6.19999981,0,0,0,0,0,0,0,0,0
12,0,-4.92312449,1.00142439,0.58034277,0.00030079711,0.974813759,5.21648932,0.0251862574,1,0,0,7.5999999,0,0,0,0,0,6.19999981,0,0,0,0,0,0,0,0,0
13,12,0,0.170644508,1,1,0,153.934723,1,1,0,0,0,0,15,0,0,0,0,0,0,0,0,0,0,0,0,0
13,5,-1.8171053,0.170644508,1,1,0,153.934723,1,1,0,0,0,0,15,0,0,0,0,0,0,0,0,0,0,0,0,0
13,15,-6.73348293,0.170644508,1,1,0,153.934723,1,1,0,0,0,0,15,0,0,0,0,0,0,0,0,0,0,0,0,0
13,6,-10.1513166,0.170644508,1,1,0,153.934723,1,1,0,0,0,0,15,0,0,0,0,0,0,0,0,0,0,0,0,0
13,23,-15.6628668,0.170644508,1,1,0,153.934723,1,1,0,0,0,0,15,0,0,0,0,0,0,0,0,0,0,0,0,0
13,12,0,0.384625946,1,0.741314471,0.0454738215,146.934723,0.954526186,1,0,0,0,0,8,0,0,0,53,53,0,0,0,0,0,0,53,0
13,15,-3.74808967,0.384625946,1,0.741314471,0.0454738215,146.934723,0.954526186,1,0,0,0,0,8,0,0,0,53,53,0,0,0,0,0,0,53,0
13,23,-5.44625775,0.384625946,1,0.741314471,0.0454738215,146.934723,0.954526186,1,0,0,0,0,8,0,0,0,53,53,0,0,0,0,0,0,53,0
13,23,0,0.828065641,0.715604186,0.741314471,0.0941957682,139.434723,0.905804217,1,0,0,0,0,0.5,0,0,12.5,45.5,45.5,12.5,0,0,0,0,0,45.5,0
13,0,-7.03262072,0.828065641,0.715604186,0.741314471,0.0941957682,139.434723,0.905804217,1,0,0,0,0,0.5,0,0,12.5,45.5,45.5,12.5,0,0,0,0,0,45.5,0
13,23,0,0.832996256,0.424271911,0.741314471,0.159158379,129.434723,0.840841651,1,0,0,0,0,0,0,0,2.5,35.5,35.5,2.5,0,0,0,0,0,35.5,0
13,0,-8.52078009,0.832996256,0.424271911,0.741314471,0.159158379,129.434723,0.840841651,1,0,0,0,0,0,0,0,2.5,35.5,35.5,2.5,0,0,0,0,0,35.5,0
13,12,0,0.504472813,0.699997127,0.353286207,0.204632193,122.434723,0.795367777,1,0,0,0,0,0,0,0,0,28.5,28.5,0,0,0,0,0,0,28.5,0
13,23,-4.64819041,0.504472813,0.699997127,0.353286207,0.204632193,122.434723,0.795367777,1,0,0,0,0,0,0,0,0,28.5,28.5,0,0,0,0,0,0,28.5,0
13,15,-6.91596157,0.504472813,0.699997127,0.353286207,0.204632193,122.434723,0.795367777,1,0,0,0,0,0,0,0,0,28.5,28.5,0,0,0,0,0,0,28.5,0
13,0,-9.02752739,0.504472813,0.699997127,0.353286207,0.204632193,122.434723,0.795367777,1,0,0,0,0,0,0,0,0,28.5,28.5,0,0,0,0,0,0,28.5,0
13,0,0,0.113196229,0.926781595,0.00030079711,0.250106007,115.434723,0.749893963,1,0,0,0,0,0,0,0,0,21.5,21.5,0,0,0,0,0,0,21.5,0
13,23,-1.35546263,0.113196229,0.926781595,0.00030079711,0.250106007,115.434723,0.749893963,1,0,0,0,0,0,0,0,0,21.5,21.5,0,0,0,0,0,0,21.5,0
13,12,-2.22497763,0.113196229,0.926781595,0.00030079711,0.250106007,115.434723,0.749893963,1,0,0,0,0,0,0,0,0,21.5,21.5,0,0,0,0,0,0,21.5,0
13,15,-12.5732652,0.113196229,0.926781595,0.00030079711,0.250106007,115.434723,0.749893963,1,0,0,0,0,0,0,0,0,21.5,21.5,0,0,0,0,0,0,21.5,0
13,23,0,0.161928771,0.934488773,0.00030079711,0.298827976,107.934723,0.701172054,1,0,0,0,0,0,0,0,18,14,14,0,0,0,0,0,0,14,0
13,0,-1.54093711,0.161928771,0.934488773,0.00030079711,0.298827976,107.934723,0.701172054,1,0,0,0,0,0,0,0,18,14,14,0,0,0,0,0,0,14,0
13,15,-4.1495034,0.161928771,0.934488773,0.00030079711,0.298827976,107.934723,0.701172054,1,0,0,0,0,0,0,0,18,14,14,0,0,0,0,0,0,14,0
13,23,0,1,1,0.00030079711,0.34430179,100.934723,0.65569824,1,0,0,0,0,0,0,0,11,7,7,9.5,0,0,0,0,0,7,0
13,5,0,0.1,1,0.00030079711,0.396271855,92.9347229,0.603728116,1,0,0,0,0,0,0,0,3,0,0,1.5,0,0,0,0,0,0,0
13,23,-0.833463005,0.1,1,0.00030079711,0.396271855,92.9347229,0.603728116,1,0,0,0,0,0,0,0,3,0,0,1.5,0,0,0,0,0,0,0
13,6,-3.52017062,0.1,1,0.00030079711,0.396271855,92.9347229,0.603728116,1,0,0,0,0,0,0,0,3,0,0,1.5,0,0,0,0,0,0,0
13,12,0,1.22365159,1,0.00030079711,0.441745698,85.9347229,0.558254302,1,0,0,0,0,0,0,0,0,53,53,0,0,0,0,0,0,53,0
13,23,-7.95579194,1.22365159,1,0.00030079711,0.441745698,85.9347229,0.558254302,1,0,0,0,0,0,0,0,0,53,53,0,0,0,0,0,0,53,0
13,15,-9.13346376,1.22365159,1,0.00030079711,0.441745698,85.9347229,0.558254302,1,0,0,0,0,0,0,0,0,53,53,0,0,0,0,0,0,53,0
13,12,0,0.501921194,1,0.00030079711,0.493715763,77.9347229,0.506284237,1,0,0,0,0,0,0,0,0,45,45,0,0,0,0,0,0,45,0
13,23,-3.97255245,0.501921194,1,0.00030079711,0.493715763,77.9347229,0.506284237,1,0,0,0,0,0,0,0,0,45,45,0,0,0,0,0,0,45,0
13,15,-4.94080112,0.501921194,1,0.00030079711,0.493715763,77.9347229,0.506284237,1,0,0,0,0,0,0,0,0,45,45,0,0,0,0,0,0,45,0
13,23,0,0.1,1,0.00030079711,0.539189577,70.9347229,0.460810423,1,0,0,0,0,0,0,0,0,38,38,13.5,0,0,0,0,0,38,0
13,12,-0.135705815,0.1,1,0.00030079711,0.539189577,70.9347229,0.460810423,1,0,0,0,0,0,0,0,0,38,38,13.5,0,0,0,0,0,38,0
13,12,0,1.33745694,0.854333878,0.00030079711,0.597655952,61.9347229,0.402344078,1,0,0,0,0,15,0,0,0,29,29,4.5,0,0,0,0,0,29,0
13,0,-7.92121205,1.33745694,0.854333878,0.00030079711,0.597655952,61.9347229,0.402344078,1,0,0,0,0,15,0,0,0,29,29,4.5,0,0,0,0,0,29,0
13,23,-11.1324318,1.33745694,0.854333878,0.00030079711,0.597655952,61.9347229,0.402344078,1,0,0,0,0,15,0,0,0,29,29,4.5,0,0,0,0,0,29,0
13,12,0,0.1,1,0.00030079711,0.643129766,54.9347229,0.356870234,1,0,0,0,0,8,0,0,0,22,22,0,0,0,0,0,0,22,0
13,23,-0.418310721,0.1,1,0.00030079711,0.643129766,54.9347229,0.356870234,1,0,0,0,0,8,0,0,0,22,22,0,0,0,0,0,0,22,0
13,15,-10.6734289,0.1,1,0.00030079711,0.643129766,54.9347229,0.356870234,1,0,0,0,0,8,0,0,0,22,22,0,0,0,0,0,0,22,0
13,0,0,0.653828972,0.90462333,0.00030079711,0.691851676,47.4347229,0.308148295,1,0,0,0,0,0.5,0,0,12.5,14.5,14.5,11,0,0,0,0,0,14.5,0
13,23,-4.19528689,0.653828972,0.90462333,0.00030079711,0.691851676,47.4347229,0.308148295,1,0,0,0,0,0.5,0,0,12.5,14.5,14.5,11,0,0,0,0,0,14.5,0
13,9,-5.8025748,0.653828972,0.90462333,0.00030079711,0.691851676,47.4347229,0.308148295,1,0,0,0,0,0.5,0,0,12.5,14.5,14.5,11,0,0,0,0,0,14.5,0
13,23,0,0.1,0.926781595,0.00030079711,0.7438218,39.4347229,0.25617823,1,0,0,0,0,0,0,0,4.5,6.5,6.5,3,0,0,0,0,0,6.5,0
13,0,-0.360943813,0.1,0.926781595,0.00030079711,0.7438218,39.4347229,0.25617823,1,0,0,0,0,0,0,0,4.5,6.5,6.5,3,0,0,0,0,0,6.5,0
13,9,-8.86952346,0.1,0.926781595,0.00030079711,0.7438218,39.4347229,0.25617823,1,0,0,0,0,0,0,0,4.5,6.5,6.5,3,0,0,0,0,0,6.5,0
13,5,0,1.73928471,0.935452163,0.00030079711,0.795142233,31.5347233,0.204857767,1,0,0,6.0999999,0,0,0,0,0,0,0,0,0,0,0,0,0,0,0
13,15,-8.964522,1.73928471,0.935452163,0.00030079711,0.795142233,31.5347233,0.204857767,1,0,0,6.0999999,0,0,0,0,0,0,0,0,0,0,0,0,0,0,0
13,23,-10.4417489,1.73928471,0.935452163,0.00030079711,0.795142233,31.5347233,0.204857767,1,0,0,6.0999999,0,0,0,0,0,0,0,0,0,0,0,0,0,0,0
13,12,-11.2531339,1.73928471,0.935452163,0.00030079711,0.795142233,31.5347233,0.204857767,1,0,0,6.0999999,0,0,0,0,0,0,0,0,0,0,0,0,0,0,0
13,0,-14.440122,1.73928471,0.935452163,0.00030079711,0.795142233,31.5347233,0.204857767,1,0,0,6.0999999,0,0,0,0,0,0,0,0,0,0,0,0,0,0,0
13,5,0,1.06386335,0.926781595,0.00030079711,0.847112298,23.5347233,0.152887672,1,0,0,10,0,0,0,0,0,0,0,0,0,0,0,0,0,0,0
13,12,-4.76410734,1.06386335,0.926781595,0.00030079711,0.847112298,23.5347233,0.152887672,1,0,0,10,0,0,0,0,0,0,0,0,0,0,0,0,0,0,0
13,10,-7.27386154,1.06386335,0.926781595,0.00030079711,0.847112298,23.5347233,0.152887672,1,0,0,10,0,0,0,0,0,0,0,0,0,0,0,0,0,0,0
13,15,-10.4962885,1.06386335,0.926781595,0.00030079711,0.847112298,23.5347233,0.152887672,1,0,0,10,0,0,0,0,0,0,0,0,0,0,0,0,0,0,0
13,0,-13.0363773,1.06386335,0.926781595,0.00030079711,0.847112298,23.5347233,0.152887672,1,0,0,10,0,0,0,0,0,0,0,0,0,0,0,0,0,0,0
13,23,-15.1609715,1.06386335,0.926781595,0.00030079711,0.847112298,23.5347233,0.152887672,1,0,0,10,0,0,0,0,0,0,0,0,0,0,0,0,0,0,0
13,5,0,1.36637189,0.926781595,0.00030079711,0.898432791,15.6347227,0.101567224,1,0,0,10,0,0,0,0,0,0,0,0,0,0,0,0,0,0,0
13,15,-6.81086886,1.36637189,0.926781595,0.00030079711,0.898432791,15.6347227,0.101567224,1,0,0,10,0,0,0,0,0,0,0,0,0,0,0,0,0,0,0
13,0,-12.7864269,1.36637189,0.926781595,0.00030079711,0.898432791,15.6347227,0.101567224,1,0,0,10,0,0,0,0,0,0,0,0,0,0,0,0,0,0,0
13,12,-14.1127014,1.36637189,0.926781595,0.00030079711,0.898432791,15.6347227,0.101567224,1,0,0,10,0,0,0,0,0,0,0,0,0,0,0,0,0,0,0
13,23,-16.7456932,1.36637189,0.926781595,0.00030079711,0.898432791,15.6347227,0.101567224,1,0,0,10,0,0,0,0,0,0,0,0,0,0,0,0,0,0,0
13,15,0,0.425191436,0.926781595,0.00030079711,0.949753225,7.73472261,0.0502467677,1,0,0,10,0,0,0,0,0,0,0,0,0,0,0,0,0,0,0
13,23,-1.33806155,0.425191436,0.926781595,0.00030079711,0.949753225,7.73472261,0.0502467677,1,0,0,10,0,0,0,0,0,0,0,0,0,0,0,0,0,0,0
13,0,-3.86989539,0.425191436,0.926781595,0.00030079711,0.949753225,7.73472261,0.0502467677,1,0,0,10,0,0,0,0,0,0,0,0,0,0,0,0,0,0,0
13,12,-8.06969841,0.425191436,0.926781595,0.00030079711,0.949753225,7.73472261,0.0502467677,1,0,0,10,0,0,0,0,0,0,0,0,0,0,0,0,0,0,0
13,5,-9.11673761,0.425191436,0.926781595,0.00030079711,0.949753225,7.73472261,0.0502467677,1,0,0,10,0,0,0,0,0,0,0,0,0,0,0,0,0,0,0
13,5,0,0.1,1,0.00030079711,0.994577408,0.834722519,0.00542257447,1,0,0,3.0999999,0,0,0,0,0,0,0,0,0,0,0,0,0,0,0
13,12,0,0.1,1,0.00030079711,0.994577408,0.834722519,0.00542257447,1,0,0,3.0999999,0,0,0,0,0,0,0,0,0,0,0,0,0,0,0
13,15,0,0.1,1,0.00030079711,0.994577408,0.834722519,0.00542257447,1,0,0,3.0999999,0,0,0,0,0,0,0,0,0,0,0,0,0,0,0
13,23,0,0.1,1,0.00030079711,0.994577408,0.834722519,0.00542257447,1,0,0,3.0999999,0,0,0,0,0,0,0,0,0,0,0,0,0,0,0
14,5,0,0.311923926,1,1,0,176.236603,1,1,0,0,0,0,15,0,0,0,0,0,0,0,0,0,0,0,0,0
14,12,-3.36901687,0.311923926,1,1,0,176.236603,1,1,0,0,0,0,15,0,0,0,0,0,0,0,0,0,0,0,0,0
14,15,-6.27912418,0.311923926,1,1,0,176.236603,1,1,0,0,0,0,15,0,0,0,0,0,0,0,0,0,0,0,0,0
14,6,-7.88913024,0.311923926,1,1,0,176.236603,1,1,0,0,0,0,15,0,0,0,0,0,0,0,0,0,0,0,0,0
14,23,-22.9399548,0.311923926,1,1,0,176.236603,1,1,0,0,0,0,15,0,0,0,0,0,0,0,0,0,0,0,0,0
14,23,0,0.546493058,0.861270368,0.870657265,0.0368822366,169.736603,0.963117778,1,0,0,0,0,8.5,0,0,16.5,17.5,0,15,0,0,0,0,0,0,0
14,0,-5.09141228,0.546493058,0.861270368,0.870657265,0.0368822366,169.736603,0.963117778,1,0,0,0,0,8.5,0,0,16.5,17.5,0,15,0,0,0,0,0,0,0
14,0,0,0.131744225,0.569938064,0.870657265,0.0936241373,159.736603,0.906375885,1,0,0,0,0,0,0,0,6.5,7.5,0,5,0,0,0,0,0,0,0
14,23,-1.1854187,0.131744225,0.569938064,0.870657265,0.0936241373,159.736603,0.906375885,1,0,0,0,0,0,0,0,6.5,7.5,0,5,0,0,0,0,0,0,0
14,12,0,0.1,0.844892561,0.482628971,0.133343473,152.736603,0.866656542,1,0,0,0,0,0,0,0,0,0.5,0,0,0,0,0,0,0,0,0
14,23,-0.00898107804,0.1,0.844892561,0.482628971,0.133343473,152.736603,0.866656542,1,0,0,0,0,0,0,0,0,0.5,0,0,0,0,0,0,0,0,0
14,0,-1.37836439,0.1,0.844892561,0.482628971,0.133343473,152.736603,0.866656542,1,0,0,0,0,0,0,0,0,0.5,0,0,0,0,0,0,0,0,0
14,15,-3.35762405,0.1,0.844892561,0.482628971,0.133343473,152.736603,0.866656542,1,0,0,0,0,0,0,0,0,0.5,0,0,0,0,0,0,0,0,0
14,0,0,0.132719226,0.576681852,0.482628971,0.175899893,145.236603,0.824100077,1,0,0,0,0,0,0,0,12.5,54.5,54.5,12.5,0,0,0,0,0,54.5,0
14,23,-1.13076988,0.132719226,0.576681852,0.482628971,0.175899893,145.236603,0.824100077,1,0,0,0,0,0,0,0,12.5,54.5,54.5,12.5,0,0,0,0,0,54.5,0
14,23,0,0.419085285,0.285349578,0.482628971,0.232641801,135.236603,0.767358184,1,0,0,0,0,0,0,0,2.5,44.5,44.5,2.5,0,0,0,0,0,44.5,0
14,0,-3.2172641,0.419085285,0.285349578,0.482628971,0.232641801,135.236603,0.767358184,1,0,0,0,0,0,0,0,2.5,44.5,44.5,2.5,0,0,0,0,0,44.5,0
14,15,0,0.226518489,0.560304046,0.0946006924,0.27236113,128.236603,0.727638841,1,0,0,0,0,0,0,0,0,37.5,37.5,0,0,0,0,0,0,37.5,0
14,12,-2.02296431,0.226518489,0.560304046,0.0946006924,0.27236113,128.236603,0.727638841,1,0,0,0,0,0,0,0,0,37.5,37.5,0,0,0,0,0,0,37.5,0
14,0,-9.07430431,0.226518489,0.560304046,0.0946006924,0.27236113,128.236603,0.727638841,1,0,0,0,0,0,0,0,0,37.5,37.5,0,0,0,0,0,0,37.5,0
14,23,-9.598229,0.226518489,0.560304046,0.0946006924,0.27236113,128.236603,0.727638841,1,0,0,0,0,0,0,0,0,37.5,37.5,0,0,0,0,0,0,37.5,0
14,12,0,1.06088546,0.268971771,0.0946006924,0.323428839,119.236603,0.676571131,1,0,0,0,0,0,0,0,0,28.5,28.5,7.5,0,0,0,0,0,28.5,0
14,23,-7.48295127,1.06088546,0.268971771,0.0946006924,0.323428839,119.236603,0.676571131,1,0,0,0,0,0,0,0,0,28.5,28.5,7.5,0,0,0,0,0,28.5,0
14,0,-9.76924314,1.06088546,0.268971771,0.0946006924,0.323428839,119.236603,0.676571131,1,0,0,0,0,0,0,0,0,28.5,28.5,7.5,0,0,0,0,0,28.5,0
14,15,0,1.71319606,0.174365848,0.00030079711,0.371659458,110.736603,0.628340542,1,0,0,0,0,0,0,0,11.5,20,20,0,0,0,0,0,0,20,0
14,23,-10.1378354,1.71319606,0.174365848,0.00030079711,0.371659458,110.736603,0.628340542,1,0,0,0,0,0,0,0,11.5,20,20,0,0,0,0,0,0,20,0
14,0,-14.2746228,1.71319606,0.174365848,0.00030079711,0.371659458,110.736603,0.628340542,1,0,0,0,0,0,0,0,11.5,20,20,0,0,0,0,0,0,20,0
14,0,0,1,0.0712819993,0.00030079711,0.417052984,102.736603,0.582947016,1,0,0,0,0,0,0,0,3.5,12,12,8.5,0,0,0,0,0,12,0
14,12,0,0.386577807,0.157988042,0.00030079711,0.462446511,94.7366028,0.537553489,1,0,0,0,0,0,0,0,0,4,4,0.5,0,0,0,0,0,4,0
14,0,-2.61242133,0.386577807,0.157988042,0.00030079711,0.462446511,94.7366028,0.537553489,1,0,0,0,0,0,0,0,0,4,4,0.5,0,0,0,0,0,4,0
14,23,-5.09253633,0.386577807,0.157988042,0.00030079711,0.462446511,94.7366028,0.537553489,1,0,0,0,0,0,0,0,0,4,4,0.5,0,0,0,0,0,4,0
14,15,0,1.88888295,0.078025803,0.00030079711,0.505002916,87.2366028,0.494997084,1,0,0,0,0,0,0,0,12.5,58.5,58.5,0,0,0,4,0,0,58.5,0
14,23,-12.8160987,1.88888295,0.078025803,0.00030079711,0.505002916,87.2366028,0.494997084,1,0,0,0,0,0,0,0,12.5,58.5,58.5,0,0,0,4,0,0,58.5,0
14,0,-20.5331616,1.88888295,0.078025803,0.00030079711,0.505002916,87.2366028,0.494997084,1,0,0,0,0,0,0,0,12.5,58.5,58.5,0,0,0,4,0,0,58.5,0
14,23,0,1.63971751,0.16473183,0.00030079711,0.544722259,80.2366028,0.455277741,1,0,0,0,0,9.5,0,0,5.5,51.5,51.5,9.5,0,0,4,0,0,51.5,0
14,0,-9.46309663,1.63971751,0.16473183,0.00030079711,0.544722259,80.2366028,0.455277741,1,0,0,0,0,9.5,0,0,5.5,51.5,51.5,9.5,0,0,4,0,0,51.5,0
14,0,0,1,0.0624187142,0.00030079711,0.595789969,71.2366028,0.404210031,1,0,0,0,0,0.5,0,0,0,42.5,42.5,0.5,0,0,0,0,0,42.5,0
14,15,0,0.316816261,0.526392341,0.00030079711,0.629835129,65.2366028,0.370164901,1,0,0,0,0,0,0,0,0,36.5,36.5,0,0,0,0,0,0,36.5,0
14,12,-1.51257148,0.316816261,0.526392341,0.00030079711,0.629835129,65.2366028,0.370164901,1,0,0,0,0,0,0,0,0,36.5,36.5,0,0,0,0,0,0,36.5,0
14,0,-10.4209121,0.316816261,0.526392341,0.00030079711,0.629835129,65.2366028,0.370164901,1,0,0,0,0,0,0,0,0,36.5,36.5,0,0,0,0,0,0,36.5,0
14,23,-15.1732918,0.316816261,0.526392341,0.00030079711,0.629835129,65.2366028,0.370164901,1,0,0,0,0,0,0,0,0,36.5,36.5,0,0,0,0,0,0,36.5,0
14,15,0,0.435863252,0.990365982,0.00030079711,0.663880229,59.2366028,0.336119741,1,0,0,0,0,0,0,0,0,30.5,30.5,0,0,0,0,0,0,30.5,0
14,12,-2.34066449,0.435863252,0.990365982,0.00030079711,0.663880229,59.2366028,0.336119741,1,0,0,0,0,0,0,0,0,30.5,30.5,0,0,0,0,0,0,30.5,0
14,23,-2.66131091,0.435863252,0.990365982,0.00030079711,0.663880229,59.2366028,0.336119741,1,0,0,0,0,0,0,0,0,30.5,30.5,0,0,0,0,0,0,30.5,0
14,9,-5.66047218,0.435863252,0.990365982,0.00030079711,0.663880229,59.2366028,0.336119741,1,0,0,0,0,0,0,0,0,30.5,30.5,0,0,0,0,0,0,30.5,0
14,0,-5.69710798,0.435863252,0.990365982,0.00030079711,0.663880229,59.2366028,0.336119741,1,0,0,0,0,0,0,0,0,30.5,30.5,0,0,0,0,0,0,30.5,0
14,12,0,0.402787231,0.699033737,0.00030079711,0.714947939,50.2366028,0.285052031,1,0,0,10,0,0,0,0,0,21.5,21.5,7.5,0,0,0,0,0,21.5,0
14,0,-2.21101694,0.402787231,0.699033737,0.00030079711,0.714947939,50.2366028,0.285052031,1,0,0,10,0,0,0,0,0,21.5,21.5,7.5,0,0,0,0,0,21.5,0
14,23,-3.67866098,0.402787231,0.699033737,0.00030079711,0.714947939,50.2366028,0.285052031,1,0,0,10,0,0,0,0,0,21.5,21.5,7.5,0,0,0,0,0,21.5,0
14,10,-4.06008424,0.402787231,0.699033737,0.00030079711,0.714947939,50.2366028,0.285052031,1,0,0,10,0,0,0,0,0,21.5,21.5,7.5,0,0,0,0,0,21.5,0
14,23,0,0.1,0.981695414,0.00030079711,0.75183022,43.7366028,0.248169795,1,0,0,3.5,0,0,0,0,13.5,15,15,1,0,0,0,0,0,15,0
14,10,-0.257763098,0.1,0.981695414,0.00030079711,0.75183022,43.7366028,0.248169795,1,0,0,3.5,0,0,0,0,13.5,15,15,1,0,0,0,0,0,15,0
14,0,-2.50989174,0.1,0.981695414,0.00030079711,0.75183022,43.7366028,0.248169795,1,0,0,3.5,0,0,0,0,13.5,15,15,1,0,0,0,0,0,15,0
14,0,0,0.535578127,0.926781595,0.00030079711,0.791549563,36.7366028,0.208450466,1,0,0,10,0,0,0,0,6.5,8,8,11,0,0,0,0,0,8,0
14,23,-3.21148455,0.535578127,0.926781595,0.00030079711,0.791549563,36.7366028,0.208450466,1,0,0,10,0,0,0,0,6.5,8,8,11,0,0,0,0,0,8,0
14,10,-3.86922672,0.535578127,0.926781595,0.00030079711,0.791549563,36.7366028,0.208450466,1,0,0,10,0,0,0,0,6.5,8,8,11,0,0,0,0,0,8,0
14,12,0,0.837277595,0.926781595,0.00030079711,0.836375654,28.8366013,0.163624361,1,0,0,10,0,0,0,0,0,0.100000001,0.100000001,3.0999999,0,0,0,0,0,0.100000001,0
14,23,-3.00740648,0.837277595,0.926781595,0.00030079711,0.836375654,28.8366013,0.163624361,1,0,0,10,0,0,0,0,0,0.100000001,0.100000001,3.0999999,0,0,0,0,0,0.100000001,0
14,0,-4.54162595,0.837277595,0.926781595,0.00030079711,0.836375654,28.8366013,0.163624361,1,0,0,10,0,0,0,0,0,0.100000001,0.100000001,3.0999999,0,0,0,0,0,0.100000001,0
14,5,0,0.185964892,0.978805184,0.00030079711,0.881201744,20.9366016,0.118798263,1,0,0,6.0999999,0,0,0,0,0,0,0,0,0,0,4,0,0,0,0
14,12,-0.774152046,0.185964892,0.978805184,0.00030079711,0.881201744,20.9366016,0.118798263,1,0,0,6.0999999,0,0,0,0,0,0,0,0,0,0,4,0,0,0,0
14,15,-4.05068329,0.185964892,0.978805184,0.00030079711,0.881201744,20.9366016,0.118798263,1,0,0,6.0999999,0,0,0,0,0,0,0,0,0,0,4,0,0,0,0
14,0,-5.24801744,0.185964892,0.978805184,0.00030079711,0.881201744,20.9366016,0.118798263,1,0,0,6.0999999,0,0,0,0,0,0,0,0,0,0,4,0,0,0,0
14,23,-6.57958831,0.185964892,0.978805184,0.00030079711,0.881201744,20.9366016,0.118798263,1,0,0,6.0999999,0,0,0,0,0,0,0,0,0,0,4,0,0,0,0
14,5,0,2.20715406,0.935452163,0.00030079711,0.926027834,13.036602,0.0739721581,1,0,0,6.0999999,0,0,0,0,0,0,0,0,0,0,0,0,0,0,0
14,15,-7.20130574,2.20715406,0.935452163,0.00030079711,0.926027834,13.036602,0.0739721581,1,0,0,6.0999999,0,0,0,0,0,0,0,0,0,0,0,0,0,0,0
14,23,-7.89699877,2.20715406,0.935452163,0.00030079711,0.926027834,13.036602,0.0739721581,1,0,0,6.0999999,0,0,0,0,0,0,0,0,0,0,0,0,0,0,0
14,12,-11.5961109,2.20715406,0.935452163,0.00030079711,0.926027834,13.036602,0.0739721581,1,0,0,6.0999999,0,0,0,0,0,0,0,0,0,0,0,0,0,0,0
14,0,-12.0555212,2.20715406,0.935452163,0.00030079711,0.926027834,13.036602,0.0739721581,1,0,0,6.0999999,0,0,0,0,0,0,0,0,0,0,0,0,0,0,0
14,23,0,0.310620125,0.675912082,0.00030079711,0.977095544,4.03660154,0.0229044445,1,0,0,10,0,0,0,0,0,15,0,0,0,0,0,0,0,0,0
14,10,-0.831529592,0.310620125,0.675912082,0.00030079711,0.977095544,4.03660154,0.0229044445,1,0,0,10,0,0,0,0,0,15,0,0,0,0,0,0,0,0,0
14,15,-5.25774671,0.310620125,0.675912082,0.00030079711,0.977095544,4.03660154,0.0229044445,1,0,0,10,0,0,0,0,0,15,0,0,0,0,0,0,0,0,0
14,12,-5.74939823,0.310620125,0.675912082,0.00030079711,0.977095544,4.03660154,0.0229044445,1,0,0,10,0,0,0,0,0,15,0,0,0,0,0,0,0,0,0
14,0,-6.89514492,0.310620125,0.675912082,0.00030079711,0.977095544,4.03660154,0.0229044445,1,0,0,10,0,0,0,0,0,15,0,0,0,0,0,0,0,0,0
15,5,0,0.1,1,1,0,159.354965,1,1,0,0,0,0,15,0,0,0,0,0,0,0,0,0,0,0,0,0
15,12,-0.226530444,0.1,1,1,0,159.354965,1,1,0,0,0,0,15,0,0,0,0,0,0,0,0,0,0,0,0,0
15,23,-10.098547,0.1,1,1,0,159.354965,1,1,0,0,0,0,15,0,0,0,0,0,0,0,0,0,0,0,0,0
15,6,-11.3506973,0.1,1,1,0,159.354965,1,1,0,0,0,0,15,0,0,0,0,0,0,0,0,0,0,0,0,0
15,15,-11.9743105,0.1,1,1,0,159.354965,1,1,0,0,0,0,15,0,0,0,0,0,0,0,0,0,0,0,0,0
15,12,0,0.94549602,1,0.741314471,0.0439270921,152.354965,0.956072927,1,0,0,0,0,8,0,0,0,17,0,0,0,0,0,0,0,0,0
15,15,-8.93350536,0.94549602,1,0.741314471,0.0439270921,152.354965,0.956072927,1,0,0,0,0,8,0,0,0,17,0,0,0,0,0,0,0,0,0
15,23,-17.580659,0.94549602,1,0.741314471,0.0439270921,152.354965,0.956072927,1,0,0,0,0,8,0,0,0,17,0,0,0,0,0,0,0,0,0
15,23,0,0.23086786,1,0.482628971,0.0878541842,145.354965,0.912145793,1,0,0,0,0,1,0,0,0,10,0,9.5,0,0,0,0,0,0,0
15,12,-2.00963231,0.23086786,1,0.482628971,0.0878541842,145.354965,0.912145793,1,0,0,0,0,1,0,0,0,10,0,9.5,0,0,0,0,0,0,0
15,23,0,0.557200922,1,0.223943457,0.138056576,137.354965,0.861943424,1,0,0,0,0,0,0,0,0,2,0,1.5,0,0,0,0,0,0,0
15,12,-5.47035335,0.557200922,1,0.223943457,0.138056576,137.354965,0.861943424,1,0,0,0,0,0,0,0,0,2,0,1.5,0,0,0,0,0,0,0
15,15,0,0.421449479,1,0.00030079711,0.181983665,130.354965,0.81801635,1,0,0,0,0,0,0,0,0,55.5,55.5,0,0,0,0,0,0,55.5,0
15,23,-4.55241868,0.421449479,1,0.00030079711,0.181983665,130.354965,0.81801635,1,0,0,0,0,0,0,0,0,55.5,55.5,0,0,0,0,0,0,55.5,0
15,12,-5.25427111,0.421449479,1,0.00030079711,0.181983665,130.354965,0.81801635,1,0,0,0,0,0,0,0,0,55.5,55.5,0,0,0,0,0,0,55.5,0
15,0,0,0.302197808,0.715604186,0.00030079711,0.235323697,121.854965,0.764676273,1,0,0,0,0,0,0,0,11.5,47,47,10,0,0,4,0,0,47,0
15,23,-2.22465144,0.302197808,0.715604186,0.00030079711,0.235323697,121.854965,0.764676273,1,0,0,0,0,0,0,0,11.5,47,47,10,0,0,4,0,0,47,0
15,0,0,0.45446483,0.424271911,0.00030079711,0.298076689,111.854965,0.701923311,1,0,0,0,0,0,0,0,1.5,37,37,0,0,0,4,0,0,37,0
15,23,-4.61306229,0.45446483,0.424271911,0.00030079711,0.298076689,111.854965,0.701923311,1,0,0,0,0,0,0,0,1.5,37,37,0,0,0,4,0,0,37,0
15,12,0,0.739679762,0.888245523,0.00030079711,0.335728467,105.854965,0.664271533,1,0,0,0,0,0,0,0,0,31,31,0,0,0,0,0,0,31,0
15,15,-5.78974316,0.739679762,0.888245523,0.00030079711,0.335728467,105.854965,0.664271533,1,0,0,0,0,0,0,0,0,31,31,0,0,0,0,0,0,31,0
15,0,-6.85623959,0.739679762,0.888245523,0.00030079711,0.335728467,105.854965,0.664271533,1,0,0,0,0,0,0,0,0,31,31,0,0,0,0,0,0,31,0
15,23,-6.85623959,0.739679762,0.888245523,0.00030079711,0.335728467,105.854965,0.664271533,1,0,0,0,0,0,0,0,0,31,31,0,0,0,0,0,0,31,0
15,15,0,0.148955686,0.926781595,0.00030079711,0.385930866,97.8549652,0.614069104,1,0,0,0,0,0,0,0,0,23,23,0,0,0,0,0,0,23,0
15,12,-1.42950786,0.148955686,0.926781595,0.00030079711,0.385930866,97.8549652,0.614069104,1,0,0,0,0,0,0,0,0,23,23,0,0,0,0,0,0,23,0
15,0,-3.13733484,0.148955686,0.926781595,0.00030079711,0.385930866,97.8549652,0.614069104,1,0,0,0,0,0,0,0,0,23,23,0,0,0,0,0,0,23,0
15,23,-3.13733484,0.148955686,0.926781595,0.00030079711,0.385930866,97.8549652,0.614069104,1,0,0,0,0,0,0,0,0,23,23,0,0,0,0,0,0,23,0
15,12,0,1.6446157,0.823697746,0.00030079711,0.436133265,89.8549652,0.563866735,1,0,0,0,0,0,0,0,0,15,15,8.5,0,0,0,0,0,15,0
15,23,-12.1397902,1.6446157,0.823697746,0.00030079711,0.436133265,89.8549652,0.563866735,1,0,0,0,0,0,0,0,0,15,15,8.5,0,0,0,0,0,15,0
15,0,-14.2003272,1.6446157,0.823697746,0.00030079711,0.436133265,89.8549652,0.563866735,1,0,0,0,0,0,0,0,0,15,15,8.5,0,0,0,0,0,15,0
15,23,0,1,1,0.00030079711,0.476922691,83.3549652,0.523077309,1,0,0,0,0,0,0,0,13.5,8.5,8.5,2,0,0,0,0,0,8.5,0
15,23,0,1,1,0.00030079711,0.520849764,76.3549652,0.479150206,1,0,0,0,0,0,0,0,6.5,1.5,1.5,12,0,0,0,0,0,1.5,0
15,12,0,1.29595128,1,0.00030079711,0.564776897,69.3549652,0.435223103,1,0,0,0,0,15,0,0,0,57,57,5,0,0,0,0,0,57,0
15,23,-10.7975302,1.29595128,1,0.00030079711,0.564776897,69.3549652,0.435223103,1,0,0,0,0,15,0,0,0,57,57,5,0,0,0,0,0,57,0
15,12,0,0.748175391,1,0.00030079711,0.611841619,61.8549652,0.388158381,1,0,0,0,0,7.5,0,0,0,49.5,49.5,0,0,0,0,0,0,49.5,0
15,15,-5.06814669,0.748175391,1,0.00030079711,0.611841619,61.8549652,0.388158381,1,0,0,0,0,7.5,0,0,0,49.5,49.5,0,0,0,0,0,0,49.5,0
15,23,-17.5204098,0.748175391,1,0.00030079711,0.611841619,61.8549652,0.388158381,1,0,0,0,0,7.5,0,0,0,49.5,49.5,0,0,0,0,0,0,49.5,0
15,12,0,0.770459587,1,0.00030079711,0.658906341,54.3549652,0.34109363,1,0,0,0,0,0,0,0,0,42,42,0,0,0,4,0,0,42,0
15,15,-5.65756753,0.770459587,1,0.00030079711,0.658906341,54.3549652,0.34109363,1,0,0,0,0,0,0,0,0,42,42,0,0,0,4,0,0,42,0
15,23,-15.2429106,0.770459587,1,0.00030079711,0.658906341,54.3549652,0.34109363,1,0,0,0,0,0,0,0,0,42,42,0,0,0,4,0,0,42,0
15,9,-19.838403,0.770459587,1,0.00030079711,0.658906341,54.3549652,0.34109363,1,0,0,0,0,0,0,0,0,42,42,0,0,0,4,0,0,42,0
15,15,0,1.29190925,1,0.00030079711,0.70910877,46.3549652,0.29089126,1,0,0,0,0,0,0,0,0,34,34,0,0,0,4,0,0,34,0
15,12,-6.12782212,1.29190925,1,0.00030079711,0.70910877,46.3549652,0.29089126,1,0,0,0,0,0,0,0,0,34,34,0,0,0,4,0,0,34,0
15,9,-11.7466079,1.29190925,1,0.00030079711,0.70910877,46.3549652,0.29089126,1,0,0,0,0,0,0,0,0,34,34,0,0,0,4,0,0,34,0
15,23,-13.2926034,1.29190925,1,0.00030079711,0.70910877,46.3549652,0.29089126,1,0,0,0,0,0,0,0,0,34,34,0,0,0,4,0,0,34,0
15,12,0,0.814047967,0.708667696,0.00030079711,0.765586436,37.3549652,0.234413564,1,0,0,10,0,0,0,0,0,25,25,7.5,0,0,4,0,0,25,0
15,23,-4.62597695,0.814047967,0.708667696,0.00030079711,0.765586436,37.3549652,0.234413564,1,0,0,10,0,0,0,0,0,25,25,7.5,0,0,4,0,0,25,0
15,10,-5.56578194,0.814047967,0.708667696,0.00030079711,0.765586436,37.3549652,0.234413564,1,0,0,10,0,0,0,0,0,25,25,7.5,0,0,4,0,0,25,0
15,0,-6.46834625,0.814047967,0.708667696,0.00030079711,0.765586436,37.3549652,0.234413564,1,0,0,10,0,0,0,0,0,25,25,7.5,0,0,4,0,0,25,0
15,0,0,0.578171532,0.614061773,0.00030079711,0.818926454,28.8549633,0.181073517,1,0,0,8.5,0,0,0,0,11.5,16.5,16.5,0,0,0,0,0,0,16.5,0
15,23,-2.29681256,0.578171532,0.614061773,0.00030079711,0.818926454,28.8549633,0.181073517,1,0,0,8.5,0,0,0,0,11.5,16.5,16.5,0,0,0,0,0,0,16.5,0
15,10,-4.11149968,0.578171532,0.614061773,0.00030079711,0.818926454,28.8549633,0.181073517,1,0,0,8.5,0,0,0,0,11.5,16.5,16.5,0,0,0,0,0,0,16.5,0
15,15,-5.15456264,0.578171532,0.614061773,0.00030079711,0.818926454,28.8549633,0.181073517,1,0,0,8.5,0,0,0,0,11.5,16.5,16.5,0,0,0,0,0,0,16.5,0
15,23,0,0.1,0.889016271,0.00030079711,0.85657829,22.8549633,0.143421724,1,0,0,2.5,0,0,0,0,5.5,10.5,10.5,10.5,0,0,0,0,0,10.5,0
15,0,-0.043265043,0.1,0.889016271,0.00030079711,0.85657829,22.8549633,0.143421724,1,0,0,2.5,0,0,0,0,5.5,10.5,10.5,10.5,0,0,0,0,0,10.5,0
15,10,-1.44805246,0.1,0.889016271,0.00030079711,0.85657829,22.8549633,0.143421724,1,0,0,2.5,0,0,0,0,5.5,10.5,10.5,10.5,0,0,0,0,0,10.5,0
15,23,0,0.488722629,0.926781595,0.00030079711,0.906153142,14.9549646,0.093846865,1,0,0,10,0,0,0,0,0,2.5999999,2.5999999,2.5999999,0,0,0,0,0,2.5999999,0
15,12,-1.81172823,0.488722629,0.926781595,0.00030079711,0.906153142,14.9549646,0.093846865,1,0,0,10,0,0,0,0,0,2.5999999,2.5999999,2.5999999,0,0,0,0,0,2.5999999,0
15,0,-2.93402643,0.488722629,0.926781595,0.00030079711,0.906153142,14.9549646,0.093846865,1,0,0,10,0,0,0,0,0,2.5999999,2.5999999,2.5999999,0,0,0,0,0,2.5999999,0
15,5,0,0.1,1,0.00030079711,0.955727994,7.05496407,0.0442720093,1,0,0,4.5999999,0,0,0,0,0,0,0,0,0,0,4,0,0,0,0
15,15,-0.0615373897,0.1,1,0.00030079711,0.955727994,7.05496407,0.0442720093,1,0,0,4.5999999,0,0,0,0,0,0,0,0,0,0,4,0,0,0,0
15,23,-1.57879027,0.1,1,0.00030079711,0.955727994,7.05496407,0.0442720093,1,0,0,4.5999999,0,0,0,0,0,0,0,0,0,0,4,0,0,0,0
15,12,-7.95865841,0.1,1,0.00030079711,0.955727994,7.05496407,0.0442720093,1,0,0,4.5999999,0,0,0,0,0,0,0,0,0,0,4,0,0,0,0
16,15,0,0.27275202,1,1,0,176.948868,1,1,0,0,0,0,15,0,0,0,0,0,0,0,0,0,0,0,0,0
16,12,-3.1617426,0.27275202,1,1,0,176.948868,1,1,0,0,0,0,15,0,0,0,0,0,0,0,0,0,0,0,0,0
16,23,-4.91086567,0.27275202,1,1,0,176.948868,1,1,0,0,0,0,15,0,0,0,0,0,0,0,0,0,0,0,0,0
16,6,-5.28956443,0.27275202,1,1,0,176.948868,1,1,0,0,0,0,15,0,0,0,0,0,0,0,0,0,0,0,0,0
16,5,-14.6654815,0.27275202,1,1,0,176.948868,1,1,0,0,0,0,15,0,0,0,0,0,0,0,0,0,0,0,0,0
16,23,0,0.637177897,1,0.741314471,0.03955945,169.948868,0.960440576,1,0,0,0,0,8,0,0,0,17,0,0,0,0,0,0,0,0,0
16,15,-6.57156703,0.637177897,1,0.741314471,0.03955945,169.948868,0.960440576,1,0,0,0,0,8,0,0,0,17,0,0,0,0,0,0,0,0,0
16,12,-15.7231731,0.637177897,1,0.741314471,0.03955945,169.948868,0.960440576,1,0,0,0,0,8,0,0,0,17,0,0,0,0,0,0,0,0,0
16,23,0,0.385828916,0.716374934,0.741314471,0.0875959247,161.448868,0.91240406,1,0,0,0,0,0,0,0,14,8.5,0,15,0,0,0,0,0,0,0
16,0,-3.90610302,0.385828916,0.716374934,0.741314471,0.0875959247,161.448868,0.91240406,1,0,0,0,0,0,0,0,14,8.5,0,15,0,0,0,0,0,0,0
16,23,0,0.265952428,0.802310228,0.482628971,0.132806718,153.448868,0.867193282,1,0,0,0,0,0,0,0,6,0.5,0,7,0,0,0,0,0,0,0
16,0,-2.54296779,0.265952428,0.802310228,0.482628971,0.132806718,153.448868,0.867193282,1,0,0,0,0,0,0,0,6,0.5,0,7,0,0,0,0,0,0,0
16,6,0,0.796739512,1,0.0946006924,0.172366172,146.448868,0.827633798,1,0,0,0,0,0,0,0,0,0,0,0,0,0,0,0,0,0,0
16,12,-5.88918353,0.796739512,1,0.0946006924,0.172366172,146.448868,0.827633798,1,0,0,0,0,0,0,0,0,0,0,0,0,0,0,0,0,0,0
16,5,-21.7036379,0.796739512,1,0.0946006924,0.172366172,146.448868,0.827633798,1,0,0,0,0,0,0,0,0,0,0,0,0,0,0,0,0,0,0
16,23,-25.3332749,0.796739512,1,0.0946006924,0.172366172,146.448868,0.827633798,1,0,0,0,0,0,0,0,0,0,0,0,0,0,0,0,0,0,0
16,0,0,1.1527437,0.861270368,0.00030079711,0.214751303,138.948868,0.785248697,1,0,0,0,0,0,0,0,18,16.5,0,0,0,0,0,0,0,0,0
16,15,-10.3929329,1.1527437,0.861270368,0.00030079711,0.214751303,138.948868,0.785248697,1,0,0,0,0,0,0,0,18,16.5,0,0,0,0,0,0,0,0,0
16,23,-11.4122891,1.1527437,0.861270368,0.00030079711,0.214751303,138.948868,0.785248697,1,0,0,0,0,0,0,0,18,16.5,0,0,0,0,0,0,0,0,0
16,0,0,0.532476821,0.758957207,0.00030079711,0.259962112,130.948868,0.740037918,1,0,0,0,0,0,0,0,10,8.5,0,8.5,0,0,0,0,0,0,0
16,23,-5.52550683,0.532476821,0.758957207,0.00030079711,0.259962112,130.948868,0.740037918,1,0,0,0,0,0,0,0,10,8.5,0,8.5,0,0,0,0,0,0,0
16,6,0,1.96477391,0.655873358,0.00030079711,0.310824245,121.948875,0.689175725,1,0,0,0,0,0,0,0,1,0,0,0,0,0,0,0,0,0,0
16,0,-17.4855181,1.96477391,0.655873358,0.00030079711,0.310824245,121.948875,0.689175725,1,0,0,0,0,0,0,0,1,0,0,0,0,0,0,0,0,0,0
16,5,-18.6034869,1.96477391,0.655873358,0.00030079711,0.310824245,121.948875,0.689175725,1,0,0,0,0,0,0,0,1,0,0,0,0,0,0,0,0,0,0
16,15,-20.509436,1.96477391,0.655873358,0.00030079711,0.310824245,121.948875,0.689175725,1,0,0,0,0,0,0,0,1,0,0,0,0,0,0,0,0,0,0
16,23,-29.5446983,1.96477391,0.655873358,0.00030079711,0.310824245,121.948875,0.689175725,1,0,0,0,0,0,0,0,1,0,0,0,0,0,0,0,0,0,0
16,23,0,0.1,0.947012961,0.00030079711,0.344732344,115.948875,0.655267656,1,0,0,0,0,0,0,0,0,54,54,0,0,0,0,0,0,54,0
16,15,-0.161632671,0.1,0.947012961,0.00030079711,0.344732344,115.948875,0.655267656,1,0,0,0,0,0,0,0,0,54,54,0,0,0,0,0,0,54,0
16,0,-9.8399118,0.1,0.947012961,0.00030079711,0.344732344,115.948875,0.655267656,1,0,0,0,0,0,0,0,0,54,54,0,0,0,0,0,0,54,0
16,12,-10.2422526,0.1,0.947012961,0.00030079711,0.344732344,115.948875,0.655267656,1,0,0,0,0,0,0,0,0,54,54,0,0,0,0,0,0,54,0
16,12,0,2.0157363,1,0.00030079711,0.389943153,107.948875,0.610056877,1,0,0,0,0,0,0,0,0,46,46,0,0,0,0,0,0,46,0
16,15,-15.2871879,2.0157363,1,0.00030079711,0.389943153,107.948875,0.610056877,1,0,0,0,0,0,0,0,0,46,46,0,0,0,0,0,0,46,0
16,23,-31.9403492,2.0157363,1,0.00030079711,0.389943153,107.948875,0.610056877,1,0,0,0,0,0,0,0,0,46,46,0,0,0,0,0,0,46,0
16,23,0,0.108388841,0.90462333,0.00030079711,0.426676929,101.448875,0.573323071,1,0,0,0,0,0,0,0,13.5,39.5,39.5,13.5,0,0,0,0,0,39.5,0
16,0,-0.898122108,0.108388841,0.90462333,0.00030079711,0.426676929,101.448875,0.573323071,1,0,0,0,0,0,0,0,13.5,39.5,39.5,13.5,0,0,0,0,0,39.5,0
16,23,0,0.661947342,0.781115413,0.00030079711,0.477539062,92.4488754,0.522460938,1,0,0,0,0,0,0,0,4.5,30.5,30.5,4.5,0,0,0,0,0,30.5,0
16,0,-5.33697881,0.661947342,0.781115413,0.00030079711,0.477539062,92.4488754,0.522460938,1,0,0,0,0,0,0,0,4.5,30.5,30.5,4.5,0,0,0,0,0,30.5,0
16,12,0,0.1,0.489783138,0.00030079711,0.522749841,84.4488754,0.477250129,1,0,0,0,0,13.5,0,0,0,22.5,22.5,15,0,0,0,0,0,22.5,0
16,23,-0.362565991,0.1,0.489783138,0.00030079711,0.522749841,84.4488754,0.477250129,1,0,0,0,0,13.5,0,0,0,22.5,22.5,15,0,0,0,0,0,22.5,0
16,0,-3.03732478,0.1,0.489783138,0.00030079711,0.522749841,84.4488754,0.477250129,1,0,0,0,0,13.5,0,0,0,22.5,22.5,15,0,0,0,0,0,22.5,0
16,23,0,0.767713455,0.395177215,0.00030079711,0.570786357,75.9488754,0.429213643,1,0,0,0,0,5,0,0,11.5,14,14,6.5,0,0,0,0,0,14,0
16,0,-4.95302773,0.767713455,0.395177215,0.00030079711,0.570786357,75.9488754,0.429213643,1,0,0,0,0,5,0,0,11.5,14,14,6.5,0,0,0,0,0,14,0
16,23,0,0.198761581,0.292093366,0.00030079711,0.615997136,67.9488754,0.384002864,1,0,0,0,0,0,0,0,3.5,6,6,15,0,0,0,0,0,6,0
16,0,-1.20825197,0.198761581,0.292093366,0.00030079711,0.615997136,67.9488754,0.384002864,1,0,0,0,0,0,0,0,3.5,6,6,15,0,0,0,0,0,6,0
16,5,0,0.455233854,0.197487459,0.00030079711,0.664033592,59.4488716,0.335966378,1,0,0,10,0,0,0,0,15.5,0,0,6.5,0,0,4,0,0,0,0
16,10,-2.59678361,0.455233854,0.197487459,0.00030079711,0.664033592,59.4488716,0.335966378,1,0,0,10,0,0,0,0,15.5,0,0,6.5,0,0,4,0,0,0,0
16,0,-3.83817543,0.455233854,0.197487459,0.00030079711,0.664033592,59.4488716,0.335966378,1,0,0,10,0,0,0,0,15.5,0,0,6.5,0,0,4,0,0,0,0
16,23,-4.77092971,0.455233854,0.197487459,0.00030079711,0.664033592,59.4488716,0.335966378,1,0,0,10,0,0,0,0,15.5,0,0,6.5,0,0,4,0,0,0,0
16,23,0,0.1,0.135637149,0.00030079711,0.708679259,51.5488739,0.291320711,1,0,0,4.5999999,0,0,0,0,7.5999999,22.5,0,0,0,0,4,0,0,0,0
16,0,-0.17352803,0.1,0.135637149,0.00030079711,0.708679259,51.5488739,0.291320711,1,0,0,4.5999999,0,0,0,0,7.5999999,22.5,0,0,0,0,4,0,0,0,0
16,15,-12.8115994,0.1,0.135637149,0.00030079711,0.708679259,51.5488739,0.291320711,1,0,0,4.5999999,0,0,0,0,7.5999999,22.5,0,0,0,0,4,0,0,0,0
16,15,0,0.107802127,0.410591632,0.00030079711,0.748238742,44.5488739,0.251761258,1,0,0,5.5,0,0,0,0,0.600000024,15.5,0,0,0,0,0,0,0,0,0
16,0,-0.530771331,0.107802127,0.410591632,0.00030079711,0.748238742,44.5488739,0.251761258,1,0,0,5.5,0,0,0,0,0.600000024,15.5,0,0,0,0,0,0,0,0,0
16,23,-8.92246974,0.107802127,0.410591632,0.00030079711,0.748238742,44.5488739,0.251761258,1,0,0,5.5,0,0,0,0,0.600000024,15.5,0,0,0,0,0,0,0,0,0
16,10,-9.23955875,0.107802127,0.410591632,0.00030079711,0.748238742,44.5488739,0.251761258,1,0,0,5.5,0,0,0,0,0.600000024,15.5,0,0,0,0,0,0,0,0,0
16,0,0,0.733146617,0.504234135,0.00030079711,0.784972489,38.0488739,0.215027496,1,0,0,0,0,0,0,0,15,9,0,10,0,0,0,0,0,0,0
16,23,-3.62021251,0.733146617,0.504234135,0.00030079711,0.784972489,38.0488739,0.215027496,1,0,0,0,0,0,0,0,15,9,0,10,0,0,0,0,0,0,0
16,9,-3.87817137,0.733146617,0.504234135,0.00030079711,0.784972489,38.0488739,0.215027496,1,0,0,0,0,0,0,0,15,9,0,10,0,0,0,0,0,0,0
16,23,0,3.03019687,0.599610806,0.00030079711,0.829618156,30.1488724,0.170381829,1,0,0,7.5999999,0,0,0,0,7.0999999,1.10000002,0,2.0999999,0,0,0,0,0,0,0
16,0,-10.8627163,3.03019687,0.599610806,0.00030079711,0.829618156,30.1488724,0.170381829,1,0,0,7.5999999,0,0,0,0,7.0999999,1.10000002,0,2.0999999,0,0,0,0,0,0,0
16,0,0,0.147152388,0.339300007,0.00030079711,0.874828994,22.1488724,0.125171021,1,0,0,10,0,0,0,0,0,18.5,0,12.5,0,0,0,0,0,0,0
16,23,-0.486125237,0.147152388,0.339300007,0.00030079711,0.874828994,22.1488724,0.125171021,1,0,0,10,0,0,0,0,0,18.5,0,12.5,0,0,0,0,0,0,0
16,12,-1.02570532,0.147152388,0.339300007,0.00030079711,0.874828994,22.1488724,0.125171021,1,0,0,10,0,0,0,0,0,18.5,0,12.5,0,0,0,0,0,0,0
16,10,-2.04104415,0.147152388,0.339300007,0.00030079711,0.874828994,22.1488724,0.125171021,1,0,0,10,0,0,0,0,0,18.5,0,12.5,0,0,0,0,0,0,0
16,23,0,0.312970925,0.253364682,0.00030079711,0.922300339,13.7488718,0.0776996911,1,0,0,10,0,0,0,0,13.1000004,10.1000004,0,4.0999999,0,0,0,0,0,0,0
16,0,-1.0885772,0.312970925,0.253364682,0.00030079711,0.922300339,13.7488718,0.0776996911,1,0,0,10,0,0,0,0,13.1000004,10.1000004,0,4.0999999,0,0,0,0,0,0,0
16,23,0,0.653250684,0.151051551,0.00030079711,0.973162472,4.74887228,0.0268375389,1,0,0,10,0,0,0,0,4.0999999,1.10000002,0,0,0,0,4,0,0,0,0
16,10,-1.9450395,0.653250684,0.151051551,0.00030079711,0.973162472,4.74887228,0.0268375389,1,0,0,10,0,0,0,0,4.0999999,1.10000002,0,0,0,0,4,0,0,0,0
16,15,-5.24981636,0.653250684,0.151051551,0.00030079711,0.973162472,4.74887228,0.0268375389,1,0,0,10,0,0,0,0,4.0999999,1.10000002,0,0,0,0,4,0,0,0,0
16,0,-7.90123672,0.653250684,0.151051551,0.00030079711,0.973162472,4.74887228,0.0268375389,1,0,0,10,0,0,0,0,4.0999999,1.10000002,0,0,0,0,4,0,0,0,0
17,12,0,0.274748286,1,1,0,181.626221,1,1,0,0,0,0,15,0,0,0,0,0,0,0,0,0,0,0,0,0
17,23,-2.40058445,0.274748286,1,1,0,181.626221,1,1,0,0,0,0,15,0,0,0,0,0,0,0,0,0,0,0,0,0
17,15,-5.07789806,0.274748286,1,1,0,181.626221,1,1,0,0,0,0,15,0,0,0,0,0,0,0,0,0,0,0,0,0
17,6,-12.5323014,0.274748286,1,1,0,181.626221,1,1,0,0,0,0,15,0,0,0,0,0,0,0,0,0,0,0,0,0
17,5,-13.7779912,0.274748286,1,1,0,181.626221,1,1,0,0,0,0,15,0,0,0,0,0,0,0,0,0,0,0,0,0
17,23,0,0.247662532,1,0.741314471,0.0385406911,174.626221,0.961459339,1,0,0,0,0,8,0,0,0,53,53,0,0,0,0,0,0,53,0
17,12,-2.98149017,0.247662532,1,0.741314471,0.0385406911,174.626221,0.961459339,1,0,0,0,0,8,0,0,0,53,53,0,0,0,0,0,0,53,0
17,15,-7.62353194,0.247662532,1,0.741314471,0.0385406911,174.626221,0.961459339,1,0,0,0,0,8,0,0,0,53,53,0,0,0,0,0,0,53,0
17,0,0,0.395145025,0.862041056,0.611971736,0.0853400975,166.126221,0.914659917,1,0,0,0,0,0,0,0,18,44.5,44.5,0,0,0,0,0,0,44.5,0
17,23,-3.19844581,0.395145025,0.862041056,0.611971736,0.0853400975,166.126221,0.914659917,1,0,0,0,0,0,0,0,18,44.5,44.5,0,0,0,0,0,0,44.5,0
17,15,-23.1062072,0.395145025,0.862041056,0.611971736,0.0853400975,166.126221,0.914659917,1,0,0,0,0,0,0,0,18,44.5,44.5,0,0,0,0,0,0,44.5,0
17,0,0,1.24641836,0.947976351,0.353286207,0.129386604,158.126221,0.870613396,1,0,0,0,0,0,0,0,10,36.5,36.5,0,0,0,0,0,0,36.5,0
17,15,-11.8980284,1.24641836,0.947976351,0.353286207,0.129386604,158.126221,0.870613396,1,0,0,0,0,0,0,0,10,36.5,36.5,0,0,0,0,0,0,36.5,0
17,23,-12.3059387,1.24641836,0.947976351,0.353286207,0.129386604,158.126221,0.870613396,1,0,0,0,0,0,0,0,10,36.5,36.5,0,0,0,0,0,0,36.5,0
17,23,0,0.1,0.926781595,0.0946006924,0.167927295,151.126221,0.832072735,1,0,0,0,0,0,0,0,3,29.5,29.5,11,0,0,0,0,0,29.5,0
17,0,-0.263944996,0.1,0.926781595,0.0946006924,0.167927295,151.126221,0.832072735,1,0,0,0,0,0,0,0,3,29.5,29.5,11,0,0,0,0,0,29.5,0
17,0,0,1.17858495,0.934488773,0.00030079711,0.209220886,143.626221,0.790779114,1,0,0,0,0,0,0,0,18,22,22,3.5,0,0,0,0,0,22,0
17,23,-9.55652047,1.17858495,0.934488773,0.00030079711,0.209220886,143.626221,0.790779114,1,0,0,0,0,0,0,0,18,22,22,3.5,0,0,0,0,0,22,0
17,23,0,0.86171692,0.781115413,0.00030079711,0.253267407,135.626221,0.746732593,1,0,0,0,0,0,0,0,10,14,14,12.5,0,0,0,0,0,14,0
17,0,-8.21749336,0.86171692,0.781115413,0.00030079711,0.253267407,135.626221,0.746732593,1,0,0,0,0,0,0,0,10,14,14,12.5,0,0,0,0,0,14,0
17,23,0,0.819964279,0.85356313,0.00030079711,0.297313899,127.626221,0.702686131,1,0,0,0,0,0,0,0,2,6,6,4.5,0,0,4,0,0,6,0
17,0,-6.63322658,0.819964279,0.85356313,0.00030079711,0.297313899,127.626221,0.702686131,1,0,0,0,0,0,0,0,2,6,6,4.5,0,0,4,0,0,6,0
17,6,0,0.196838684,0.569938064,0.00030079711,0.33860749,120.126221,0.66139251,1,0,0,0,0,0,0,0,15,0,0,15,0,0,0,0,0,0,0
17,5,-1.52730804,0.196838684,0.569938064,0.00030079711,0.33860749,120.126221,0.66139251,1,0,0,0,0,0,0,0,15,0,0,15,0,0,0,0,0,0,0
17,23,-15.5265316,0.196838684,0.569938064,0.00030079711,0.33860749,120.126221,0.66139251,1,0,0,0,0,0,0,0,15,0,0,15,0,0,0,0,0,0,0
17,0,-15.5844711,0.196838684,0.569938064,0.00030079711,0.33860749,120.126221,0.66139251,1,0,0,0,0,0,0,0,15,0,0,15,0,0,0,0,0,0,0
17,23,0,0.1,0.482268602,0.00030079711,0.382654011,112.126221,0.617345989,1,0,0,0,0,0,0,0,7,52,52,7,0,0,0,0,0,52,0
17,0,-0.273789073,0.1,0.482268602,0.00030079711,0.382654011,112.126221,0.617345989,1,0,0,0,0,0,0,0,7,52,52,7,0,0,0,0,0,52,0
17,15,0,0.104080859,0.3799555,0.00030079711,0.432206303,103.126221,0.567793667,1,0,0,0,0,0,0,0,0,43,43,0,0,0,0,0,0,43,0
17,0,-0.500779086,0.104080859,0.3799555,0.00030079711,0.432206303,103.126221,0.567793667,1,0,0,0,0,0,0,0,0,43,43,0,0,0,0,0,0,43,0
17,12,-1.68511235,0.104080859,0.3799555,0.00030079711,0.432206303,103.126221,0.567793667,1,0,0,0,0,0,0,0,0,43,43,0,0,0,0,0,0,43,0
17,23,-2.389226,0.104080859,0.3799555,0.00030079711,0.432206303,103.126221,0.567793667,1,0,0,0,0,0,0,0,0,43,43,0,0,0,0,0,0,43,0
17,23,0,0.969151819,0.473598003,0.00030079711,0.467994094,96.6262207,0.532005906,1,0,0,0,0,0,0,0,15,36.5,36.5,13.5,0,0,0,0,0,36.5,0
17,0,-6.51047468,0.969151819,0.473598003,0.00030079711,0.467994094,96.6262207,0.532005906,1,0,0,0,0,0,0,0,15,36.5,36.5,13.5,0,0,0,0,0,36.5,0
17,23,0,0.789139476,0.182265729,0.00030079711,0.523052216,86.6262207,0.476947784,1,0,0,0,0,10,0,0,5,26.5,26.5,3.5,0,0,0,0,0,26.5,0
17,0,-5.68102293,0.789139476,0.182265729,0.00030079711,0.523052216,86.6262207,0.476947784,1,0,0,0,0,10,0,0,5,26.5,26.5,3.5,0,0,0,0,0,26.5,0
17,15,0,0.496583333,0.276678979,0.00030079711,0.564345837,79.1262207,0.435654163,1,0,0,0,0,2.5,0,0,18,19,19,0,0,0,0,0,0,19,0
17,23,-3.43666924,0.496583333,0.276678979,0.00030079711,0.564345837,79.1262207,0.435654163,1,0,0,0,0,2.5,0,0,18,19,19,0,0,0,0,0,0,19,0
17,0,-8.9427718,0.496583333,0.276678979,0.00030079711,0.564345837,79.1262207,0.435654163,1,0,0,0,0,2.5,0,0,18,19,19,0,0,0,0,0,0,19,0
17,23,0,1.44220347,0.174365848,0.00030079711,0.608392298,71.1262207,0.391607672,1,0,0,0,0,0,0,0,10,11,11,8.5,0,0,4,0,0,11,0
17,0,-8.5537303,1.44220347,0.174365848,0.00030079711,0.608392298,71.1262207,0.391607672,1,0,0,0,0,0,0,0,10,11,11,8.5,0,0,4,0,0,11,0
17,9,0,0.395829501,0.260301173,0.00030079711,0.652438819,63.1262207,0.347561181,1,0,0,0,0,0,0,0,2,3,3,0.5,0,0,4,0,0,3,0
17,0,-2.94437915,0.395829501,0.260301173,0.00030079711,0.652438819,63.1262207,0.347561181,1,0,0,0,0,0,0,0,2,3,3,0.5,0,0,4,0,0,3,0
17,23,-7.53593274,0.395829501,0.260301173,0.00030079711,0.652438819,63.1262207,0.347561181,1,0,0,0,0,0,0,0,2,3,3,0.5,0,0,4,0,0,3,0
17,12,0,0.549267667,0.409820914,0.00030079711,0.68547368,57.1262207,0.31452629,1,0,0,0,0,0,0,0,0,22.5,0,0,0,0,0,0,0,0,0
17,23,-2.91350133,0.549267667,0.409820914,0.00030079711,0.68547368,57.1262207,0.31452629,1,0,0,0,0,0,0,0,0,22.5,0,0,0,0,0,0,0,0,0
17,0,-5.27449823,0.549267667,0.409820914,0.00030079711,0.68547368,57.1262207,0.31452629,1,0,0,0,0,0,0,0,0,22.5,0,0,0,0,0,0,0,0,0
17,9,-5.92968438,0.549267667,0.409820914,0.00030079711,0.68547368,57.1262207,0.31452629,1,0,0,0,0,0,0,0,0,22.5,0,0,0,0,0,0,0,0,0
17,15,-10.1571342,0.549267667,0.409820914,0.00030079711,0.68547368,57.1262207,0.31452629,1,0,0,0,0,0,0,0,0,22.5,0,0,0,0,0,0,0,0,0
17,9,0,0.983610896,0.3229222,0.00030079711,0.724014401,50.1262207,0.275985599,1,0,0,0,0,0,0,0,15,15.5,0,13.5,0,0,0,0,0,0,0
17,23,-4.34799333,0.983610896,0.3229222,0.00030079711,0.724014401,50.1262207,0.275985599,1,0,0,0,0,0,0,0,15,15.5,0,13.5,0,0,0,0,0,0,0
17,0,-6.30318362,0.983610896,0.3229222,0.00030079711,0.724014401,50.1262207,0.275985599,1,0,0,0,0,0,0,0,15,15.5,0,13.5,0,0,0,0,0,0,0
17,9,0,0.139649734,0.786895812,0.00030079711,0.757049263,44.1262207,0.242950723,1,0,0,0,0,0,0,0,9,9.5,0,7.5,0,0,0,0,0,0,0
17,23,-0.884659715,0.139649734,0.786895812,0.00030079711,0.757049263,44.1262207,0.242950723,1,0,0,0,0,0,0,0,9,9.5,0,7.5,0,0,0,0,0,0,0
17,0,-11.3572734,0.139649734,0.786895812,0.00030079711,0.757049263,44.1262207,0.242950723,1,0,0,0,0,0,0,0,9,9.5,0,7.5,0,0,0,0,0,0,0
17,10,0,1.05604715,0.725430906,0.00030079711,0.801095784,36.1262207,0.198904216,1,0,0,8.5,0,0,0,0,1,1.5,0,0,0,0,0,0,0,0,0
17,23,-5.49494482,1.05604715,0.725430906,0.00030079711,0.801095784,36.1262207,0.198904216,1,0,0,8.5,0,0,0,0,1,1.5,0,0,0,0,0,0,0,0,0
17,0,-10.3714813,1.05604715,0.725430906,0.00030079711,0.801095784,36.1262207,0.198904216,1,0,0,8.5,0,0,0,0,1,1.5,0,0,0,0,0,0,0,0,0
17,15,-13.1397718,1.05604715,0.725430906,0.00030079711,0.801095784,36.1262207,0.198904216,1,0,0,8.5,0,0,0,0,1,1.5,0,0,0,0,0,0,0,0,0
17,23,0,0.584601432,0.481497884,0.00030079711,0.841838777,28.726223,0.158161208,1,0,0,1.10000002,0,0,0,0,18,19,0,13,0,0,0,0,0,0,0
17,0,-2.71849913,0.584601432,0.481497884,0.00030079711,0.841838777,28.726223,0.158161208,1,0,0,1.10000002,0,0,0,0,18,19,0,13,0,0,0,0,0,0,0
17,10,0,0.576670036,0.379184783,0.00030079711,0.891391098,19.726223,0.108608887,1,0,0,10,0,0,0,0,9,10,0,4,0,0,0,0,0,0,0
17,0,-2.02932611,0.576670036,0.379184783,0.00030079711,0.891391098,19.726223,0.108608887,1,0,0,10,0,0,0,0,9,10,0,4,0,0,0,0,0,0,0
17,23,-12.5002019,0.576670036,0.379184783,0.00030079711,0.891391098,19.726223,0.108608887,1,0,0,10,0,0,0,0,9,10,0,4,0,0,0,0,0,0,0
17,23,0,0.119824183,0.28554225,0.00030079711,0.940392852,10.8262224,0.0596071556,1,0,0,10,0,0,0,0,0.100000001,1.10000002,0,0,0,0,0,0,0,0,0
17,10,-0.397681571,0.119824183,0.28554225,0.00030079711,0.940392852,10.8262224,0.0596071556,1,0,0,10,0,0,0,0,0.100000001,1.10000002,0,0,0,0,0,0,0,0,0
17,0,-0.668043456,0.119824183,0.28554225,0.00030079711,0.940392852,10.8262224,0.0596071556,1,0,0,10,0,0,0,0,0.100000001,1.10000002,0,0,0,0,0,0,0,0,0
17,15,-12.7060057,0.119824183,0.28554225,0.00030079711,0.940392852,10.8262224,0.0596071556,1,0,0,10,0,0,0,0,0.100000001,1.10000002,0,0,0,0,0,0,0,0,0
17,15,0,1.32293445,0.182458401,0.00030079711,0.989945173,1.82622218,0.0100548379,1,0,0,8.5,0,0,0,0,0,0,0,0,0,0,0,0,0,0,0
17,0,-1.51905192,1.32293445,0.182458401,0.00030079711,0.989945173,1.82622218,0.0100548379,1,0,0,8.5,0,0,0,0,0,0,0,0,0,0,0,0,0,0,0
17,5,-1.51905192,1.32293445,0.182458401,0.00030079711,0.989945173,1.82622218,0.0100548379,1,0,0,8.5,0,0,0,0,0,0,0,0,0,0,0,0,0,0,0
17,10,-1.51905192,1.32293445,0.182458401,0.00030079711,0.989945173,1.82622218,0.0100548379,1,0,0,8.5,0,0,0,0,0,0,0,0,0,0,0,0,0,0,0
17,12,-1.51905192,1.32293445,0.182458401,0.00030079711,0.989945173,1.82622218,0.0100548379,1,0,0,8.5,0,0,0,0,0,0,0,0,0,0,0,0,0,0,0
17,23,-1.51905192,1.32293445,0.182458401,0.00030079711,0.989945173,1.82622218,0.0100548379,1,0,0,8.5,0,0,0,0,0,0,0,0,0,0,0,0,0,0,0
18,5,0,0.1,1,1,0,208.571075,1,1,0,0,0,0,15,0,0,0,0,0,0,0,0,0,0,0,0,0
18,12,-0.771667945,0.1,1,1,0,208.571075,1,1,0,0,0,0,15,0,0,0,0,0,0,0,0,0,0,0,0,0
18,15,-5.33597885,0.1,1,1,0,208.571075,1,1,0,0,0,0,15,0,0,0,0,0,0,0,0,0,0,0,0,0
18,23,-12.1486171,0.1,1,1,0,208.571075,1,1,0,0,0,0,15,0,0,0,0,0,0,0,0,0,0,0,0,0
18,6,-15.2480415,0.1,1,1,0,208.571075,1,1,0,0,0,0,15,0,0,0,0,0,0,0,0,0,0,0,0,0
18,23,0,0.746353081,0.926781595,0.870657265,0.0359589644,201.071075,0.964041054,1,0,0,0,0,7.5,0,0,14,16.5,0,0,0,0,0,0,0,0,0
18,0,-6.4447776,0.746353081,0.926781595,0.870657265,0.0359589644,201.071075,0.964041054,1,0,0,0,0,7.5,0,0,14,16.5,0,0,0,0,0,0,0,0,0
18,15,-11.3445596,0.746353081,0.926781595,0.870657265,0.0359589644,201.071075,0.964041054,1,0,0,0,0,7.5,0,0,14,16.5,0,0,0,0,0,0,0,0,0
18,0,0,0.127090692,0.926781595,0.611971736,0.0647261366,195.071075,0.935273886,1,0,0,0,0,1.5,0,0,8,10.5,0,15,0,0,0,0,0,0,0
18,23,-0.865279543,0.127090692,0.926781595,0.611971736,0.0647261366,195.071075,0.935273886,1,0,0,0,0,1.5,0,0,8,10.5,0,15,0,0,0,0,0,0,0
18,0,0,0.551780354,0.926781595,0.353286207,0.103082366,187.071075,0.896917641,1,0,0,0,0,0,0,0,0,2.5,0,7,0,0,0,0,0,0,0
18,23,-5.81215307,0.551780354,0.926781595,0.353286207,0.103082366,187.071075,0.896917641,1,0,0,0,0,0,0,0,0,2.5,0,7,0,0,0,0,0,0,0
18,23,0,0.403458967,0.942195952,0.0946006924,0.134246796,180.571075,0.865753174,1,0,0,0,0,0,0,0,15,58.5,58.5,0.5,0,0,0,0,0,58.5,0
18,0,-4.23861684,0.403458967,0.942195952,0.0946006924,0.134246796,180.571075,0.865753174,1,0,0,0,0,0,0,0,15,58.5,58.5,0.5,0,0,0,0,0,58.5,0
18,23,0,1,1,0.00030079711,0.167808503,173.571075,0.832191527,1,0,0,0,0,0,0,0,8,51.5,51.5,13.5,0,0,0,0,0,51.5,0
18,23,0,1,1,0.00030079711,0.206164733,165.571075,0.793835282,1,0,0,0,0,0,0,0,0,43.5,43.5,5.5,0,0,0,0,0,43.5,0
18,23,0,0.253110839,0.90462333,0.00030079711,0.242123693,158.071075,0.757876277,1,0,0,0,0,0,0,0,15,36,36,15,0,0,0,0,0,36,0
18,0,-1.85996566,0.253110839,0.90462333,0.00030079711,0.242123693,158.071075,0.757876277,1,0,0,0,0,0,0,0,15,36,36,15,0,0,0,0,0,36,0
18,23,0,0.164291226,0.926781595,0.00030079711,0.280479938,150.071075,0.719520092,1,0,0,0,0,0,0,0,7,28,28,7,0,0,0,0,0,28,0
18,0,-1.2541268,0.164291226,0.926781595,0.00030079711,0.280479938,150.071075,0.719520092,1,0,0,0,0,0,0,0,7,28,28,7,0,0,0,0,0,28,0
18,15,0,0.751237602,1,0.00030079711,0.318836153,142.071075,0.681163847,1,0,0,0,0,0,0,0,0,20,20,0,0,0,0,0,0,20,0
18,23,-6.79261541,0.751237602,1,0.00030079711,0.318836153,142.071075,0.681163847,1,0,0,0,0,0,0,0,0,20,20,0,0,0,0,0,0,20,0
18,12,-9.6427666,0.751237602,1,0.00030079711,0.318836153,142.071075,0.681163847,1,0,0,0,0,0,0,0,0,20,20,0,0,0,0,0,0,20,0
18,0,0,0.550820658,0.715604186,0.00030079711,0.359589636,133.571075,0.640410364,1,0,0,0,0,0,0,0,13,11.5,11.5,8,0,0,0,0,0,11.5,0
18,23,-3.74543405,0.550820658,0.715604186,0.00030079711,0.359589636,133.571075,0.640410364,1,0,0,0,0,0,0,0,13,11.5,11.5,8,0,0,0,0,0,11.5,0
18,23,0,0.601707743,0.613291085,0.00030079711,0.402740419,124.571075,0.597259581,1,0,0,0,0,0,0,0,4,2.5,2.5,0,0,0,0,0,0,2.5,0
18,15,-4.25570716,0.601707743,0.613291085,0.00030079711,0.402740419,124.571075,0.597259581,1,0,0,0,0,0,0,0,4,2.5,2.5,0,0,0,0,0,0,2.5,0
18,0,-4.58603407,0.601707743,0.613291085,0.00030079711,0.402740419,124.571075,0.597259581,1,0,0,0,0,0,0,0,4,2.5,2.5,0,0,0,0,0,0,2.5,0
18,6,0,0.524051949,0.510977924,0.00030079711,0.436302096,117.571075,0.563697875,1,0,0,0,0,15,0,0,0,0,0,15,0,0,0,0,0,0,0
18,5,-4.18560136,0.524051949,0.510977924,0.00030079711,0.436302096,117.571075,0.563697875,1,0,0,0,0,15,0,0,0,0,0,15,0,0,0,0,0,0,0
18,0,-11.3979204,0.524051949,0.510977924,0.00030079711,0.436302096,117.571075,0.563697875,1,0,0,0,0,15,0,0,0,0,0,15,0,0,0,0,0,0,0
18,12,-16.1207995,0.524051949,0.510977924,0.00030079711,0.436302096,117.571075,0.563697875,1,0,0,0,0,15,0,0,0,0,0,15,0,0,0,0,0,0,0
18,23,-23.4965677,0.524051949,0.510977924,0.00030079711,0.436302096,117.571075,0.563697875,1,0,0,0,0,15,0,0,0,0,0,15,0,0,0,0,0,0,0
18,23,0,0.12301225,0.241996557,0.00030079711,0.477055609,109.071075,0.522944391,1,0,0,0,0,6.5,0,0,13,51.5,51.5,6.5,0,0,0,0,0,51.5,0
18,0,-0.841483282,0.12301225,0.241996557,0.00030079711,0.477055609,109.071075,0.522944391,1,0,0,0,0,6.5,0,0,13,51.5,51.5,6.5,0,0,0,0,0,51.5,0
18,0,0,0.619904412,0.139683425,0.00030079711,0.520206332,100.071075,0.479793638,1,0,0,0,0,0,0,0,4,42.5,42.5,0,0,0,4,0,0,42.5,0
18,15,-3.63516497,0.619904412,0.139683425,0.00030079711,0.520206332,100.071075,0.479793638,1,0,0,0,0,0,0,0,4,42.5,42.5,0,0,0,4,0,0,42.5,0
18,23,-3.83021823,0.619904412,0.139683425,0.00030079711,0.520206332,100.071075,0.479793638,1,0,0,0,0,0,0,0,4,42.5,42.5,0,0,0,4,0,0,42.5,0
18,23,0,0.900902273,0.234096661,0.00030079711,0.5513708,93.5710754,0.4486292,1,0,0,0,0,0,0,0,18,36,36,13,0,0,4,0,0,36,0
18,0,-6.49862669,0.900902273,0.234096661,0.00030079711,0.5513708,93.5710754,0.4486292,1,0,0,0,0,0,0,0,18,36,36,13,0,0,4,0,0,36,0
18,0,0,0.161035265,0.131012827,0.00030079711,0.594521523,84.5710754,0.405478448,1,0,0,8.5,0,0,0,0,9,27,27,4,0,0,0,0,0,27,0
18,23,-1.03071862,0.161035265,0.131012827,0.00030079711,0.594521523,84.5710754,0.405478448,1,0,0,8.5,0,0,0,0,9,27,27,4,0,0,0,0,0,27,0
18,0,0,0.177306252,0.217718855,0.00030079711,0.628083229,77.5710754,0.371916741,1,0,0,5.5,0,0,0,0,2,20,20,13.5,0,0,0,0,0,20,0
18,23,-1.08048748,0.177306252,0.217718855,0.00030079711,0.628083229,77.5710754,0.371916741,1,0,0,5.5,0,0,0,0,2,20,20,13.5,0,0,0,0,0,20,0
18,0,0,0.1,0.500380516,0.00030079711,0.659247696,71.0710754,0.340752304,1,0,0,0,0,0,0,0,16.5,13.5,13.5,7,0,0,0,0,0,13.5,0
18,23,-0.411316038,0.1,0.500380516,0.00030079711,0.659247696,71.0710754,0.340752304,1,0,0,0,0,0,0,0,16.5,13.5,13.5,7,0,0,0,0,0,13.5,0
18,9,-2.9482112,0.1,0.500380516,0.00030079711,0.659247696,71.0710754,0.340752304,1,0,0,0,0,0,0,0,16.5,13.5,13.5,7,0,0,0,0,0,13.5,0
18,15,0,0.666113558,0.406738013,0.00030079711,0.701919019,62.1710777,0.298081011,1,0,0,7.5999999,0,0,0,0,7.5999999,4.5999999,4.5999999,0,0,0,0,0,0,4.5999999,0
18,23,-3.16523206,0.666113558,0.406738013,0.00030079711,0.701919019,62.1710777,0.298081011,1,0,0,7.5999999,0,0,0,0,7.5999999,4.5999999,4.5999999,0,0,0,0,0,0,4.5999999,0
18,0,-9.52925854,0.666113558,0.406738013,0.00030079711,0.701919019,62.1710777,0.298081011,1,0,0,7.5999999,0,0,0,0,7.5999999,4.5999999,4.5999999,0,0,0,0,0,0,4.5999999,0
18,0,0,0.355258103,0.681692481,0.00030079711,0.730686188,56.1710777,0.269313842,1,0,0,1.60000002,0,0,0,0,1.60000002,0,0,10.5,0,0,0,0,0,0,0
18,10,-1.95964753,0.355258103,0.681692481,0.00030079711,0.730686188,56.1710777,0.269313842,1,0,0,1.60000002,0,0,0,0,1.60000002,0,0,10.5,0,0,0,0,0,0,0
18,5,-6.76530065,0.355258103,0.681692481,0.00030079711,0.730686188,56.1710777,0.269313842,1,0,0,1.60000002,0,0,0,0,1.60000002,0,0,10.5,0,0,0,0,0,0,0
18,23,-8.07739206,0.355258103,0.681692481,0.00030079711,0.730686188,56.1710777,0.269313842,1,0,0,1.60000002,0,0,0,0,1.60000002,0,0,10.5,0,0,0,0,0,0,0
18,0,0,0.869651776,0.618108094,0.00030079711,0.766645133,48.6710777,0.233354867,1,0,0,10,0,0,0,0,15.5,18,0,3,0,0,0,0,0,0,0
18,10,-4.43619637,0.869651776,0.618108094,0.00030079711,0.766645133,48.6710777,0.233354867,1,0,0,10,0,0,0,0,15.5,18,0,3,0,0,0,0,0,0,0
18,23,-7.68172366,0.869651776,0.618108094,0.00030079711,0.766645133,48.6710777,0.233354867,1,0,0,10,0,0,0,0,15.5,18,0,3,0,0,0,0,0,0,0
18,23,0,0.632939202,0.524465561,0.00030079711,0.804521918,40.7710762,0.195478097,1,0,0,6.0999999,0,0,0,0,7.5999999,10.1000004,0,15,0,0,0,0,0,0,0
18,0,-3.00566142,0.632939202,0.524465561,0.00030079711,0.804521918,40.7710762,0.195478097,1,0,0,6.0999999,0,0,0,0,7.5999999,10.1000004,0,15,0,0,0,0,0,0,0
18,12,0,0.1,0.42215243,0.00030079711,0.847672641,31.7710781,0.152327344,1,0,0,8.5,0,0,0,0,0,1.10000002,0,6,0,0,0,0,0,0,0
18,10,-0.302992605,0.1,0.42215243,0.00030079711,0.847672641,31.7710781,0.152327344,1,0,0,8.5,0,0,0,0,0,1.10000002,0,6,0,0,0,0,0,0,0
18,0,-1.96548919,0.1,0.42215243,0.00030079711,0.847672641,31.7710781,0.152327344,1,0,0,8.5,0,0,0,0,0,1.10000002,0,6,0,0,0,0,0,0,0
18,23,-4.56227038,0.1,0.42215243,0.00030079711,0.847672641,31.7710781,0.152327344,1,0,0,8.5,0,0,0,0,0,1.10000002,0,6,0,0,0,0,0,0,0
18,5,0,0.660850448,0.17899017,0.00030079711,0.887946725,23.3710766,0.112053297,1,0,0,7.5999999,0,12.6000004,0,0,11.6000004,0,0,0,0,0,0,0,0,0,0
18,0,-2.21723627,0.660850448,0.17899017,0.00030079711,0.887946725,23.3710766,0.112053297,1,0,0,7.5999999,0,12.6000004,0,0,11.6000004,0,0,0,0,0,0,0,0,0,0
18,23,-6.56279895,0.660850448,0.17899017,0.00030079711,0.887946725,23.3710766,0.112053297,1,0,0,7.5999999,0,12.6000004,0,0,11.6000004,0,0,0,0,0,0,0,0,0,0
18,15,-9.87858363,0.660850448,0.17899017,0.00030079711,0.887946725,23.3710766,0.112053297,1,0,0,7.5999999,0,12.6000004,0,0,11.6000004,0,0,0,0,0,0,0,0,0,0
18,0,0,0.497614118,0.10769853,0.00030079711,0.921508372,16.3710766,0.0784915984,1,0,0,10,0,5.5999999,0,0,4.5999999,17,0,11,0,0,0,0,0,0,0
18,23,-1.22004888,0.497614118,0.10769853,0.00030079711,0.921508372,16.3710766,0.0784915984,1,0,0,10,0,5.5999999,0,0,4.5999999,17,0,11,0,0,0,0,0,0,0
18,10,-1.7351481,0.497614118,0.10769853,0.00030079711,0.921508372,16.3710766,0.0784915984,1,0,0,10,0,5.5999999,0,0,4.5999999,17,0,11,0,0,0,0,0,0,0
18,10,0,0.1,0.201341048,0.00030079711,0.957467377,8.87107754,0.042532634,1,0,0,6.5,0,0,0,0,18,9.5,0,3.5,0,0,0,0,0,0,0
18,23,-0.0621184496,0.1,0.201341048,0.00030079711,0.957467377,8.87107754,0.042532634,1,0,0,6.5,0,0,0,0,18,9.5,0,3.5,0,0,0,0,0,0,0
18,0,-1.60768304,0.1,0.201341048,0.00030079711,0.957467377,8.87107754,0.042532634,1,0,0,6.5,0,0,0,0,18,9.5,0,3.5,0,0,0,0,0,0,0
18,0,0,0.1,0.10769853,0.00030079711,0.995344162,0.971077263,0.00465585804,1,0,0,7,0,0,0,0,10.1000004,1.60000002,0,15,0,0,0,0,0,0,0
18,23,0,0.1,0.10769853,0.00030079711,0.995344162,0.971077263,0.00465585804,1,0,0,7,0,0,0,0,10.1000004,1.60000002,0,15,0,0,0,0,0,0,0
19,15,0,0.1,1,1,0,158.15329,1,1,0,0,0,0,15,0,0,0,0,0,0,0,0,0,0,0,0,0
19,6,-0.645344975,0.1,1,1,0,158.15329,1,1,0,0,0,0,15,0,0,0,0,0,0,0,0,0,0,0,0,0
19,5,-10.8134431,0.1,1,1,0,158.15329,1,1,0,0,0,0,15,0,0,0,0,0,0,0,0,0,0,0,0,0
19,12,-15.285858,0.1,1,1,0,158.15329,1,1,0,0,0,0,15,0,0,0,0,0,0,0,0,0,0,0,0,0
19,23,-35.1880458,0.1,1,1,0,158.15329,1,1,0,0,0,0,15,0,0,0,0,0,0,0,0,0,0,0,0,0
19,23,0,0.1,1,0.741314471,0.0410993658,151.65329,0.95890063,1,0,0,0,0,8.5,0,0,16.5,0,0,10,0,0,0,0,0,0,0
19,5,-0.864940023,0.1,1,0.741314471,0.0410993658,151.65329,0.95890063,1,0,0,0,0,8.5,0,0,16.5,0,0,10,0,0,0,0,0,0,0
19,6,-3.26550309,0.1,1,0.741314471,0.0410993658,151.65329,0.95890063,1,0,0,0,0,8.5,0,0,16.5,0,0,10,0,0,0,0,0,0,0
19,5,0,1.19606585,0.897686899,0.611971736,0.0980061814,142.65329,0.901993811,1,0,0,0,0,0,0,0,7.5,0,0,1,0,0,0,0,0,0,0
19,0,-14.7625673,1.19606585,0.897686899,0.611971736,0.0980061814,142.65329,0.901993811,1,0,0,0,0,0,0,0,7.5,0,0,1,0,0,0,0,0,0,0
19,6,-20.9655216,1.19606585,0.897686899,0.611971736,0.0980061814,142.65329,0.901993811,1,0,0,0,0,0,0,0,7.5,0,0,1,0,0,0,0,0,0,0
19,23,-57.65502,1.19606585,0.897686899,0.611971736,0.0980061814,142.65329,0.901993811,1,0,0,0,0,0,0,0,7.5,0,0,1,0,0,0,0,0,0,0
19,23,0,0.1,0.826395273,0.482628971,0.142267033,135.65329,0.857732952,1,0,0,0,0,0,0,0,0.5,17,0,12.5,0,0,0,0,0,0,0
19,0,-0.688553956,0.1,0.826395273,0.482628971,0.142267033,135.65329,0.857732952,1,0,0,0,0,0,0,0,0.5,17,0,12.5,0,0,0,0,0,0,0
19,0,0,2.75384724,0.542770147,0.482628971,0.202335343,126.15329,0.797664642,1,0,0,0,0,0,0,0,13,7.5,0,3,0,0,0,0,0,0,0
19,23,-27.936731,2.75384724,0.542770147,0.482628971,0.202335343,126.15329,0.797664642,1,0,0,0,0,0,0,0,13,7.5,0,3,0,0,0,0,0,0,0
19,6,0,2.07529947,0.628705502,0.223943457,0.252919167,118.15329,0.747080803,1,0,0,0,0,0,0,0,5,0,0,0,0,0,0,0,0,0,0
19,5,-18.5709354,2.07529947,0.628705502,0.223943457,0.252919167,118.15329,0.747080803,1,0,0,0,0,0,0,0,5,0,0,0,0,0,0,0,0,0,0
19,15,-38.2149447,2.07529947,0.628705502,0.223943457,0.252919167,118.15329,0.747080803,1,0,0,0,0,0,0,0,5,0,0,0,0,0,0,0,0,0,0
19,0,-40.8771801,2.07529947,0.628705502,0.223943457,0.252919167,118.15329,0.747080803,1,0,0,0,0,0,0,0,5,0,0,0,0,0,0,0,0,0,0
19,23,-44.3448367,2.07529947,0.628705502,0.223943457,0.252919167,118.15329,0.747080803,1,0,0,0,0,0,0,0,5,0,0,0,0,0,0,0,0,0,0
19,12,0,0.1,0.919845104,0.00030079711,0.290857047,112.15329,0.709142923,1,0,0,0,0,0,0,0,0,54,54,0,0,0,0,0,0,54,0
19,15,-0.239222989,0.1,0.919845104,0.00030079711,0.290857047,112.15329,0.709142923,1,0,0,0,0,0,0,0,0,54,54,0,0,0,0,0,0,54,0
19,23,-4.95284283,0.1,0.919845104,0.00030079711,0.290857047,112.15329,0.709142923,1,0,0,0,0,0,0,0,0,54,54,0,0,0,0,0,0,54,0
19,0,-22.7993424,0.1,0.919845104,0.00030079711,0.290857047,112.15329,0.709142923,1,0,0,0,0,0,0,0,0,54,54,0,0,0,0,0,0,54,0
19,23,0,0.694954026,0.63544929,0.00030079711,0.338279396,104.65329,0.661720574,1,0,0,0,0,0,0,0,12.5,46.5,46.5,12.5,0,0,0,0,0,46.5,0
19,0,-7.05482593,0.694954026,0.63544929,0.00030079711,0.338279396,104.65329,0.661720574,1,0,0,0,0,0,0,0,12.5,46.5,46.5,12.5,0,0,0,0,0,46.5,0
19,0,0,1.21771874,0.911174476,0.00030079711,0.382540256,97.6532898,0.617459774,1,0,0,0,0,0,0,0,5.5,39.5,39.5,5.5,0,0,0,0,0,39.5,0
19,23,-10.9105712,1.21771874,0.911174476,0.00030079711,0.382540256,97.6532898,0.617459774,1,0,0,0,0,0,0,0,5.5,39.5,39.5,5.5,0,0,0,0,0,39.5,0
19,23,0,0.1,0.62754941,0.00030079711,0.442608565,88.1532898,0.557391465,1,0,0,0,0,0,0,0,18,30,30,0,0,0,0,0,0,30,0
19,0,-0.229652268,0.1,0.62754941,0.00030079711,0.442608565,88.1532898,0.557391465,1,0,0,0,0,0,0,0,18,30,30,0,0,0,0,0,0,30,0
19,15,-3.19238915,0.1,0.62754941,0.00030079711,0.442608565,88.1532898,0.557391465,1,0,0,0,0,0,0,0,18,30,30,0,0,0,0,0,0,30,0
19,0,0,0.232437389,0.713484704,0.00030079711,0.486869425,81.1532898,0.513130605,1,0,0,0,0,0,0,0,11,23,23,12,0,0,0,0,0,23,0
19,23,-1.70811263,0.232437389,0.713484704,0.00030079711,0.486869425,81.1532898,0.513130605,1,0,0,0,0,0,0,0,11,23,23,12,0,0,0,0,0,23,0
19,0,0,1.33022899,0.800190747,0.00030079711,0.537453234,73.1532898,0.462546766,1,0,0,0,0,0,0,0,3,15,15,4,0,0,4,0,0,15,0
19,23,-7.93059893,1.33022899,0.800190747,0.00030079711,0.537453234,73.1532898,0.462546766,1,0,0,0,0,0,0,0,3,15,15,4,0,0,4,0,0,15,0
19,0,0,0.157016431,0.704814136,0.00030079711,0.584875584,65.6532898,0.415124416,1,0,0,0,0,13.5,0,0,16.5,7.5,7.5,15,0,0,4,0,0,7.5,0
19,23,-0.764367714,0.157016431,0.704814136,0.00030079711,0.584875584,65.6532898,0.415124416,1,0,0,0,0,13.5,0,0,16.5,7.5,7.5,15,0,0,4,0,0,7.5,0
19,23,0,0.679289601,0.979768574,0.00030079711,0.629136443,58.6532898,0.370863557,1,0,0,0,0,6.5,0,0,9.5,0.5,0.5,8,0,0,0,0,0,0.5,0
19,0,-5.08521575,0.679289601,0.979768574,0.00030079711,0.629136443,58.6532898,0.370863557,1,0,0,0,0,6.5,0,0,9.5,0.5,0.5,8,0,0,0,0,0,0.5,0
19,23,0,0.169644908,0.720228493,0.00030079711,0.686043262,49.6532898,0.313956738,1,0,0,0,0,0,0,0,0.5,22.5,0,0,0,0,0,0,0,0,0
19,9,-0.952755931,0.169644908,0.720228493,0.00030079711,0.686043262,49.6532898,0.313956738,1,0,0,0,0,0,0,0,0.5,22.5,0,0,0,0,0,0,0,0,0
19,15,-3.53707163,0.169644908,0.720228493,0.00030079711,0.686043262,49.6532898,0.313956738,1,0,0,0,0,0,0,0,0.5,22.5,0,0,0,0,0,0,0,0,0
19,0,-6.87056547,0.169644908,0.720228493,0.00030079711,0.686043262,49.6532898,0.313956738,1,0,0,0,0,0,0,0,0.5,22.5,0,0,0,0,0,0,0,0,0
19,23,0,0.406456637,0.444310635,0.00030079711,0.736627102,41.6532898,0.263372898,1,0,0,0,0,0,0,0,18,14.5,0,13,0,0,0,0,0,0,0
19,9,-2.05772468,0.406456637,0.444310635,0.00030079711,0.736627102,41.6532898,0.263372898,1,0,0,0,0,0,0,0,18,14.5,0,13,0,0,0,0,0,0,0
19,0,-4.40301483,0.406456637,0.444310635,0.00030079711,0.736627102,41.6532898,0.263372898,1,0,0,0,0,0,0,0,18,14.5,0,13,0,0,0,0,0,0,0
19,23,0,1.15295661,0.908284307,0.00030079711,0.774564981,35.6532898,0.225435019,1,0,0,0,0,0,0,0,12,8.5,0,7,0,0,0,0,0,0,0
19,9,-5.73666475,1.15295661,0.908284307,0.00030079711,0.774564981,35.6532898,0.225435019,1,0,0,0,0,0,0,0,12,8.5,0,7,0,0,0,0,0,0,0
19,0,-7.31682959,1.15295661,0.908284307,0.00030079711,0.774564981,35.6532898,0.225435019,1,0,0,0,0,0,0,0,12,8.5,0,7,0,0,0,0,0,0,0
19,5,0,0.1,0.625622571,0.00030079711,0.837162495,25.7532902,0.162837535,1,0,0,10,0,0,0,0,2.0999999,0,0,0,0,0,0,0,0,0,0
19,15,-0.169639106,0.1,0.625622571,0.00030079711,0.837162495,25.7532902,0.162837535,1,0,0,10,0,0,0,0,2.0999999,0,0,0,0,0,0,0,0,0,0
19,23,-2.49791456,0.1,0.625622571,0.00030079711,0.837162495,25.7532902,0.162837535,1,0,0,10,0,0,0,0,2.0999999,0,0,0,0,0,0,0,0,0,0
19,0,-9.7948801,0.1,0.625622571,0.00030079711,0.837162495,25.7532902,0.162837535,1,0,0,10,0,0,0,0,2.0999999,0,0,0,0,0,0,0,0,0,0
19,0,0,0.207500539,0.381689608,0.00030079711,0.883952498,18.3532906,0.116047479,1,0,0,2.5999999,0,0,0,0,15.6000004,16.6000004,0,10.6000004,0,0,4,0,0,0,0
19,23,-0.793101377,0.207500539,0.381689608,0.00030079711,0.883952498,18.3532906,0.116047479,1,0,0,2.5999999,0,0,0,0,15.6000004,16.6000004,0,10.6000004,0,0,4,0,0,0,0
19,23,0,0.403633786,0.657414794,0.00030079711,0.928213358,11.3532915,0.0717866272,1,0,0,10,0,0,0,0,8.60000038,9.60000038,0,3.5999999,0,0,0,0,0,0,0
19,10,-1.44974626,0.403633786,0.657414794,0.00030079711,0.928213358,11.3532915,0.0717866272,1,0,0,10,0,0,0,0,8.60000038,9.60000038,0,3.5999999,0,0,0,0,0,0,0
19,0,-7.86596404,0.403633786,0.657414794,0.00030079711,0.928213358,11.3532915,0.0717866272,1,0,0,10,0,0,0,0,8.60000038,9.60000038,0,3.5999999,0,0,0,0,0,0,0
19,0,0,0.1,0.374753118,0.00030079711,0.990810871,1.45329106,0.00918912981,1,0,0,10,0,0,0,0,0,0,0,0,0,0,4,0,0,0,0
19,12,0,0.1,0.374753118,0.00030079711,0.990810871,1.45329106,0.00918912981,1,0,0,10,0,0,0,0,0,0,0,0,0,0,4,0,0,0,0
19,15,0,0.1,0.374753118,0.00030079711,0.990810871,1.45329106,0.00918912981,1,0,0,10,0,0,0,0,0,0,0,0,0,0,4,0,0,0,0
19,23,0,0.1,0.374753118,0.00030079711,0.990810871,1.45329106,0.00918912981,1,0,0,10,0,0,0,0,0,0,0,0,0,0,4,0,0,0,0
19,5,-0.0207505248,0.1,0.374753118,0.00030079711,0.990810871,1.45329106,0.00918912981,1,0,0,10,0,0,0,0,0,0,0,0,0,0,4,0,0,0,0
20,6,0,0.357531938,1,1,0,206.112061,1,1,0,0,0,0,15,0,0,0,0,0,0,0,0,0,0,0,0,0
20,5,-3.39244705,0.357531938,1,1,0,206.112061,1,1,0,0,0,0,15,0,0,0,0,0,0,0,0,0,0,0,0,0
20,23,-6.39303167,0.357531938,1,1,0,206.112061,1,1,0,0,0,0,15,0,0,0,0,0,0,0,0,0,0,0,0,0
20,12,-8.43416111,0.357531938,1,1,0,206.112061,1,1,0,0,0,0,15,0,0,0,0,0,0,0,0,0,0,0,0,0
20,15,-17.4495381,0.357531938,1,1,0,206.112061,1,1,0,0,0,0,15,0,0,0,0,0,0,0,0,0,0,0,0,0
20,5,0,0.690162972,1,0.741314471,0.0315362439,199.612061,0.968463778,1,0,0,0,0,8.5,0,0,13.5,0,0,0,0,0,0,0,0,0,0
20,23,-7.78515259,0.690162972,1,0.741314471,0.0315362439,199.612061,0.968463778,1,0,0,0,0,8.5,0,0,13.5,0,0,0,0,0,0,0,0,0,0
20,15,-20.322139,0.690162972,1,0.741314471,0.0315362439,199.612061,0.968463778,1,0,0,0,0,8.5,0,0,13.5,0,0,0,0,0,0,0,0,0,0
20,6,-21.0696192,0.690162972,1,0.741314471,0.0315362439,199.612061,0.968463778,1,0,0,0,0,8.5,0,0,13.5,0,0,0,0,0,0,0,0,0,0
20,23,0,1,1,0.482628971,0.0606466196,193.612061,0.939353406,1,0,0,0,0,2.5,0,0,7.5,18,0,13.5,0,0,0,0,0,0,0
20,12,0,0.1,1,0.223943457,0.0994604602,185.612061,0.900539517,1,0,0,0,0,0,0,0,0,10,0,5.5,0,0,0,0,0,0,0
20,23,-0.716870541,0.1,1,0.223943457,0.0994604602,185.612061,0.900539517,1,0,0,0,0,0,0,0,0,10,0,5.5,0,0,0,0,0,0,0
20,15,0,0.789261405,1,0.00030079711,0.135848433,178.112061,0.864151597,1,0,0,0,0,0,0,0,12.5,2.5,0,0,0,0,0,0,0,0,0
20,23,-6.73702445,0.789261405,1,0.00030079711,0.135848433,178.112061,0.864151597,1,0,0,0,0,0,0,0,12.5,2.5,0,0,0,0,0,0,0,0,0
20,23,0,1,1,0.00030079711,0.164958805,172.112061,0.835041165,1,0,0,0,0,0,0,0,6.5,57,57,10.5,0,0,0,0,0,57,0
20,0,0,0.377445666,0.861270368,0.00030079711,0.206198514,163.612061,0.793801486,1,0,0,0,0,0,0,0,18,48.5,48.5,2,0,0,0,0,0,48.5,0
20,23,-3.43261863,0.377445666,0.861270368,0.00030079711,0.206198514,163.612061,0.793801486,1,0,0,0,0,0,0,0,18,48.5,48.5,2,0,0,0,0,0,48.5,0
20,0,0,0.837050403,0.947205663,0.00030079711,0.240160614,156.612061,0.759839356,1,0,0,0,0,0,0,0,11,41.5,41.5,13.5,0,0,0,0,0,41.5,0
20,23,-5.52703654,0.837050403,0.947205663,0.00030079711,0.240160614,156.612061,0.759839356,1,0,0,0,0,0,0,0,11,41.5,41.5,13.5,0,0,0,0,0,41.5,0
20,23,0,0.320935048,0.781115413,0.00030079711,0.283826172,147.612061,0.716173828,1,0,0,0,0,0,0,0,2,32.5,32.5,4.5,0,0,0,0,0,32.5,0
20,0,-2.15608267,0.320935048,0.781115413,0.00030079711,0.283826172,147.612061,0.716173828,1,0,0,0,0,0,0,0,2,32.5,32.5,4.5,0,0,0,0,0,32.5,0
20,0,0,0.309503281,0.862041056,0.00030079711,0.315362424,141.112061,0.684637547,1,0,0,0,0,0,0,0,16.5,26,26,0,0,0,0,0,0,26,0
20,15,-3.05959388,0.309503281,0.862041056,0.00030079711,0.315362424,141.112061,0.684637547,1,0,0,0,0,0,0,0,16.5,26,26,0,0,0,0,0,0,26,0
20,23,-13.6394044,0.309503281,0.862041056,0.00030079711,0.315362424,141.112061,0.684637547,1,0,0,0,0,0,0,0,16.5,26,26,0,0,0,0,0,0,26,0
20,23,0,0.383884893,0.758957207,0.00030079711,0.354176253,133.112061,0.645823717,1,0,0,0,0,0,0,0,8.5,18,18,8.5,0,0,0,0,0,18,0
20,0,-3.09331318,0.383884893,0.758957207,0.00030079711,0.354176253,133.112061,0.645823717,1,0,0,0,0,0,0,0,8.5,18,18,8.5,0,0,0,0,0,18,0
20,12,0,0.635241617,0.467624933,0.00030079711,0.40269357,123.112061,0.59730643,1,0,0,0,0,0,0,0,0,8,8,0,0,0,4,0,0,8,0
20,0,-5.00590113,0.635241617,0.467624933,0.00030079711,0.40269357,123.112061,0.59730643,1,0,0,0,0,0,0,0,0,8,8,0,0,0,4,0,0,8,0
20,23,-6.31437863,0.635241617,0.467624933,0.00030079711,0.40269357,123.112061,0.59730643,1,0,0,0,0,0,0,0,0,8,8,0,0,0,4,0,0,8,0
20,15,-6.82148838,0.635241617,0.467624933,0.00030079711,0.40269357,123.112061,0.59730643,1,0,0,0,0,0,0,0,0,8,8,0,0,0,4,0,0,8,0
20,0,0,1.80032584,0.372248292,0.00030079711,0.434229791,116.612061,0.565770209,1,0,0,0,0,0,0,0,16.5,1.5,1.5,11.5,0,0,4,0,0,1.5,0
20,23,-10.38452,1.80032584,0.372248292,0.00030079711,0.434229791,116.612061,0.565770209,1,0,0,0,0,0,0,0,16.5,1.5,1.5,11.5,0,0,4,0,0,1.5,0
20,6,0,1.22564937,0.269935161,0.00030079711,0.477895379,107.612061,0.522104621,1,0,0,0,0,7.5,0,0,7.5,0,0,2.5,0,0,0,0,0,0,0
20,5,-8.33557723,1.22564937,0.269935161,0.00030079711,0.477895379,107.612061,0.522104621,1,0,0,0,0,7.5,0,0,7.5,0,0,2.5,0,0,0,0,0,0,0
20,0,-11.2086418,1.22564937,0.269935161,0.00030079711,0.477895379,107.612061,0.522104621,1,0,0,0,0,7.5,0,0,7.5,0,0,2.5,0,0,0,0,0,0,0
20,23,-12.3373398,1.22564937,0.269935161,0.00030079711,0.477895379,107.612061,0.522104621,1,0,0,0,0,7.5,0,0,7.5,0,0,2.5,0,0,0,0,0,0,0
20,15,0,0.492937861,0.37205562,0.00030079711,0.51185745,100.612061,0.48814252,1,0,0,0,0,0.5,0,0,0.5,53,53,0,0,0,0,0,0,53,0
20,23,-3.16435002,0.492937861,0.37205562,0.00030079711,0.51185745,100.612061,0.48814252,1,0,0,0,0,0.5,0,0,0.5,53,53,0,0,0,0,0,0,53,0
20,0,-7.99199712,0.492937861,0.37205562,0.00030079711,0.51185745,100.612061,0.48814252,1,0,0,0,0,0.5,0,0,0.5,53,53,0,0,0,0,0,0,53,0
20,23,0,0.1,0.465698123,0.00030079711,0.543393731,94.1120605,0.456606269,1,0,0,0,0,0,0,0,0,46.5,46.5,11.5,0,0,0,0,0,46.5,0
20,12,-0.484951018,0.1,0.465698123,0.00030079711,0.543393731,94.1120605,0.456606269,1,0,0,0,0,0,0,0,0,46.5,46.5,11.5,0,0,0,0,0,46.5,0
20,0,-10.4245216,0.1,0.465698123,0.00030079711,0.543393731,94.1120605,0.456606269,1,0,0,0,0,0,0,0,0,46.5,46.5,11.5,0,0,0,0,0,46.5,0
20,0,0,0.118389029,0.182073042,0.00030079711,0.589485168,84.6120605,0.410514861,1,0,0,10,0,0,0,0,10.5,37,37,2,0,0,0,0,0,37,0
20,23,-0.902975004,0.118389029,0.182073042,0.00030079711,0.589485168,84.6120605,0.410514861,1,0,0,10,0,0,0,0,10.5,37,37,2,0,0,0,0,0,37,0
20,0,0,0.762097947,0.0789892003,0.00030079711,0.628298998,76.6120605,0.371701002,1,0,0,10,0,0,0,0,2.5,29,29,12.5,0,0,0,0,0,29,0
20,23,-5.11209059,0.762097947,0.0789892003,0.00030079711,0.628298998,76.6120605,0.371701002,1,0,0,10,0,0,0,0,2.5,29,29,12.5,0,0,0,0,0,29,0
20,10,0,0.1,0.173402444,0.00030079711,0.664686978,69.1120605,0.335313052,1,0,0,10,0,0,0,0,15.5,21.5,21.5,5,0,0,0,0,0,21.5,0
20,23,-0.329940437,0.1,0.173402444,0.00030079711,0.664686978,69.1120605,0.335313052,1,0,0,10,0,0,0,0,15.5,21.5,21.5,5,0,0,0,0,0,21.5,0
20,0,-3.60203201,0.1,0.173402444,0.00030079711,0.664686978,69.1120605,0.335313052,1,0,0,10,0,0,0,0,15.5,21.5,21.5,5,0,0,0,0,0,21.5,0
20,0,0,0.269825305,0.0789892003,0.00030079711,0.703015625,61.2120628,0.296984375,1,0,0,7,0,0,0,0,7.5999999,13.6000004,13.6000004,15,0,0,0,0,0,13.6000004,0
20,23,-1.63663693,0.269825305,0.0789892003,0.00030079711,0.703015625,61.2120628,0.296984375,1,0,0,7,0,0,0,0,7.5999999,13.6000004,13.6000004,15,0,0,0,0,0,13.6000004,0
20,12,0,1.45009894,0.165695235,0.00030079711,0.741829455,53.2120628,0.258170545,1,0,0,8.5,0,0,0,0,0,5.5999999,5.5999999,7,0,0,0,0,0,5.5999999,0
20,0,-7.51502971,1.45009894,0.165695235,0.00030079711,0.741829455,53.2120628,0.258170545,1,0,0,8.5,0,0,0,0,0,5.5999999,5.5999999,7,0,0,0,0,0,5.5999999,0
20,10,-8.95159901,1.45009894,0.165695235,0.00030079711,0.741829455,53.2120628,0.258170545,1,0,0,8.5,0,0,0,0,0,5.5999999,5.5999999,7,0,0,0,0,0,5.5999999,0
20,23,-10.0905408,1.45009894,0.165695235,0.00030079711,0.741829455,53.2120628,0.258170545,1,0,0,8.5,0,0,0,0,0,5.5999999,5.5999999,7,0,0,0,0,0,5.5999999,0
20,15,0,0.1,0.0797599182,0.00030079711,0.782584012,44.8120613,0.217416003,1,0,0,10,0,0,0,0,11.6000004,0,0,0,0,0,0,0,0,0,0
20,0,-0.195930682,0.1,0.0797599182,0.00030079711,0.782584012,44.8120613,0.217416003,1,0,0,10,0,0,0,0,11.6000004,0,0,0,0,0,0,0,0,0,0
20,5,-5.40987404,0.1,0.0797599182,0.00030079711,0.782584012,44.8120613,0.217416003,1,0,0,10,0,0,0,0,11.6000004,0,0,0,0,0,0,0,0,0,0
20,23,-7.67506114,0.1,0.0797599182,0.00030079711,0.782584012,44.8120613,0.217416003,1,0,0,10,0,0,0,0,11.6000004,0,0,0,0,0,0,0,0,0,0
20,0,0,0.468576309,0.174365848,0.00030079711,0.816060901,37.9120598,0.18393907,1,0,0,3.0999999,0,0,0,0,4.69999981,0,0,9.60000038,0,0,0,0,0,0,0
20,23,-2.16338813,0.468576309,0.174365848,0.00030079711,0.816060901,37.9120598,0.18393907,1,0,0,3.0999999,0,0,0,0,4.69999981,0,0,9.60000038,0,0,0,0,0,0,0
20,5,-2.75550058,0.468576309,0.174365848,0.00030079711,0.816060901,37.9120598,0.18393907,1,0,0,3.0999999,0,0,0,0,4.69999981,0,0,9.60000038,0,0,0,0,0,0,0
20,12,0,1.02980336,0.103844933,0.00030079711,0.85487479,29.9120617,0.14512524,1,0,0,8.5,0,0,0,0,0,22.5,0,1.60000002,0,0,0,0,0,0,0
20,0,-4.12150894,1.02980336,0.103844933,0.00030079711,0.85487479,29.9120617,0.14512524,1,0,0,8.5,0,0,0,0,0,22.5,0,1.60000002,0,0,0,0,0,0,0
20,23,-4.946987,1.02980336,0.103844933,0.00030079711,0.85487479,29.9120617,0.14512524,1,0,0,8.5,0,0,0,0,0,22.5,0,1.60000002,0,0,0,0,0,0,0
20,10,-13.7339481,1.02980336,0.103844933,0.00030079711,0.85487479,29.9120617,0.14512524,1,0,0,8.5,0,0,0,0,0,22.5,0,1.60000002,0,0,0,0,0,0,0
20,0,0,1,0.0171388928,0.00030079711,0.890777588,22.5120621,0.109222434,1,0,0,1.10000002,0,12.6000004,0,0,12.6000004,15.1000004,0,12.6000004,0,0,0,0,0,0,0
20,23,0,0.324374933,0.103844933,0.00030079711,0.929591417,14.5120611,0.0704085976,1,0,0,10,0,4.5999999,0,0,4.5999999,7.0999999,0,4.5999999,0,0,0,0,0,0,0
20,10,-1.07301691,0.324374933,0.103844933,0.00030079711,0.929591417,14.5120611,0.0704085976,1,0,0,10,0,4.5999999,0,0,4.5999999,7.0999999,0,4.5999999,0,0,0,0,0,0,0
20,0,-1.3689213,0.324374933,0.103844933,0.00030079711,0.929591417,14.5120611,0.0704085976,1,0,0,10,0,4.5999999,0,0,4.5999999,7.0999999,0,4.5999999,0,0,0,0,0,0,0
20,23,0,0.286873853,0.18978025,0.00030079711,0.968405247,6.5120616,0.0315947607,1,0,0,10,0,0,0,0,0,0,0,0,0,0,0,0,0,0,0
20,10,-0.709910958,0.286873853,0.18978025,0.00030079711,0.968405247,6.5120616,0.0315947607,1,0,0,10,0,0,0,0,0,0,0,0,0,0,0,0,0,0,0
20,5,-3.91697307,0.286873853,0.18978025,0.00030079711,0.968405247,6.5120616,0.0315947607,1,0,0,10,0,0,0,0,0,0,0,0,0,0,0,0,0,0,0
20,0,-5.43024373,0.286873853,0.18978025,0.00030079711,0.968405247,6.5120616,0.0315947607,1,0,0,10,0,0,0,0,0,0,0,0,0,0,0,0,0,0,0
20,12,-7.69519867,0.286873853,0.18978025,0.00030079711,0.968405247,6.5120616,0.0315947607,1,0,0,10,0,0,0,0,0,0,0,0,0,0,0,0,0,0,0
20,15,-8.07938424,0.286873853,0.18978025,0.00030079711,0.968405247,6.5120616,0.0315947607,1,0,0,10,0,0,0,0,0,0,0,0,0,0,0,0,0,0,0
21,23,0,0.193154378,1,1,0,169.000092,1,1,0,0,0,0,15,0,0,0,0,0,0,0,0,0,0,0,0,0
21,6,-2.31224564,0.193154378,1,1,0,169.000092,1,1,0,0,0,0,15,0,0,0,0,0,0,0,0,0,0,0,0,0
21,15,-16.7771441,0.193154378,1,1,0,169.000092,1,1,0,0,0,0,15,0,0,0,0,0,0,0,0,0,0,0,0,0
21,5,-29.8477864,0.193154378,1,1,0,169.000092,1,1,0,0,0,0,15,0,0,0,0,0,0,0,0,0,0,0,0,0
21,12,-34.2773035,0.193154378,1,1,0,169.000092,1,1,0,0,0,0,15,0,0,0,0,0,0,0,0,0,0,0,0,0
21,6,0,0.276489195,0.861270368,0.870657265,0.0443786718,161.500092,0.955621302,1,0,0,0,0,7.5,0,0,16.5,0,0,15,0,0,0,0,0,0,0
21,23,-2.54533487,0.276489195,0.861270368,0.870657265,0.0443786718,161.500092,0.955621302,1,0,0,0,0,7.5,0,0,16.5,0,0,15,0,0,0,0,0,0,0
21,0,-11.3371528,0.276489195,0.861270368,0.870657265,0.0443786718,161.500092,0.955621302,1,0,0,0,0,7.5,0,0,16.5,0,0,15,0,0,0,0,0,0,0
21,5,-15.9714046,0.276489195,0.861270368,0.870657265,0.0443786718,161.500092,0.955621302,1,0,0,0,0,7.5,0,0,16.5,0,0,15,0,0,0,0,0,0,0
21,23,0,1,1,0.482628971,0.0798816085,155.500092,0.920118392,1,0,0,0,0,1.5,0,0,10.5,57,57,9,0,0,0,0,0,57,0
21,23,0,1,1,0.223943457,0.127218857,147.500092,0.872781157,1,0,0,0,0,0,0,0,2.5,49,49,1,0,0,0,0,0,49,0
21,0,0,1.03808166,0.861270368,0.0946006924,0.17159754,140.000092,0.82840246,1,0,0,0,0,0,0,0,16.5,41.5,41.5,0,0,0,0,0,0,41.5,0
21,15,-7.80283961,1.03808166,0.861270368,0.0946006924,0.17159754,140.000092,0.82840246,1,0,0,0,0,0,0,0,16.5,41.5,41.5,0,0,0,0,0,0,41.5,0
21,23,-13.3890261,1.03808166,0.861270368,0.0946006924,0.17159754,140.000092,0.82840246,1,0,0,0,0,0,0,0,16.5,41.5,41.5,0,0,0,0,0,0,41.5,0
21,0,0,1.13501504,0.569938064,0.0946006924,0.224851951,131.000092,0.775148034,1,0,0,0,0,0,0,0,7.5,32.5,32.5,7.5,0,0,0,0,0,32.5,0
21,23,-11.1749107,1.13501504,0.569938064,0.0946006924,0.224851951,131.000092,0.775148034,1,0,0,0,0,0,0,0,7.5,32.5,32.5,7.5,0,0,0,0,0,32.5,0
21,12,0,0.823787155,0.656644106,0.00030079711,0.2721892,123.000099,0.7278108,1,0,0,0,0,0,0,0,0,24.5,24.5,0,0,0,0,0,0,24.5,0
21,15,-6.77748858,0.823787155,0.656644106,0.00030079711,0.2721892,123.000099,0.7278108,1,0,0,0,0,0,0,0,0,24.5,24.5,0,0,0,0,0,0,24.5,0
21,23,-7.58955155,0.823787155,0.656644106,0.00030079711,0.2721892,123.000099,0.7278108,1,0,0,0,0,0,0,0,0,24.5,24.5,0,0,0,0,0,0,24.5,0
21,0,-9.4174263,0.823787155,0.656644106,0.00030079711,0.2721892,123.000099,0.7278108,1,0,0,0,0,0,0,0,0,24.5,24.5,0,0,0,0,0,0,24.5,0
21,23,0,0.369105787,0.372248292,0.00030079711,0.310650706,116.500099,0.689349294,1,0,0,0,0,0,0,0,13.5,18,18,15,0,0,0,0,0,18,0
21,0,-2.99946707,0.369105787,0.372248292,0.00030079711,0.310650706,116.500099,0.689349294,1,0,0,0,0,0,0,0,13.5,18,18,15,0,0,0,0,0,18,0
21,0,0,0.736844871,0.0809160024,0.00030079711,0.369822264,106.500099,0.630177736,1,0,0,0,0,0,0,0,3.5,8,8,5,0,0,0,0,0,8,0
21,23,-6.06096405,0.736844871,0.0809160024,0.00030079711,0.369822264,106.500099,0.630177736,1,0,0,0,0,0,0,0,3.5,8,8,5,0,0,0,0,0,8,0
21,15,0,0.374217359,0.175329238,0.00030079711,0.414200962,99.0000992,0.585799038,1,0,0,0,0,0,0,0,16.5,0.5,0.5,0,0,0,0,0,0,0.5,0
21,0,-2.91992328,0.374217359,0.175329238,0.00030079711,0.414200962,99.0000992,0.585799038,1,0,0,0,0,0,0,0,16.5,0.5,0.5,0,0,0,0,0,0,0.5,0
21,23,-3.63418917,0.374217359,0.175329238,0.00030079711,0.414200962,99.0000992,0.585799038,1,0,0,0,0,0,0,0,16.5,0.5,0.5,0,0,0,0,0,0,0.5,0
21,6,0,1.03322496,0.0722453967,0.00030079711,0.455621034,92.0000992,0.544378936,1,0,0,0,0,0,0,0,9.5,0,0,11,0,0,0,0,0,0,0
21,5,-6.89051669,1.03322496,0.0722453967,0.00030079711,0.455621034,92.0000992,0.544378936,1,0,0,0,0,0,0,0,9.5,0,0,11,0,0,0,0,0,0,0
21,0,-36.0726234,1.03322496,0.0722453967,0.00030079711,0.455621034,92.0000992,0.544378936,1,0,0,0,0,0,0,0,9.5,0,0,11,0,0,0,0,0,0,0
21,5,0,0.887709266,0.173595116,0.00030079711,0.497041136,85.0000992,0.502958834,1,0,0,0,0,0,0,0,2.5,0,0,4,0,0,0,0,0,0,0
21,6,-7.23387834,0.887709266,0.173595116,0.00030079711,0.497041136,85.0000992,0.502958834,1,0,0,0,0,0,0,0,2.5,0,0,4,0,0,0,0,0,0,0
21,23,-13.7477384,0.887709266,0.173595116,0.00030079711,0.497041136,85.0000992,0.502958834,1,0,0,0,0,0,0,0,2.5,0,0,4,0,0,0,0,0,0,0
21,0,-18.0595549,0.887709266,0.173595116,0.00030079711,0.497041136,85.0000992,0.502958834,1,0,0,0,0,0,0,0,2.5,0,0,4,0,0,0,0,0,0,0
21,6,0,1.03780551,0.260301173,0.00030079711,0.538461208,78.0000992,0.461538762,1,0,0,0,0,15,0,0,0,0,0,13.5,0,0,0,0,0,0,0
21,12,-7.79975567,1.03780551,0.260301173,0.00030079711,0.538461208,78.0000992,0.461538762,1,0,0,0,0,15,0,0,0,0,0,13.5,0,0,0,0,0,0,0
21,23,-9.41797068,1.03780551,0.260301173,0.00030079711,0.538461208,78.0000992,0.461538762,1,0,0,0,0,15,0,0,0,0,0,13.5,0,0,0,0,0,0,0
21,5,-9.87385709,1.03780551,0.260301173,0.00030079711,0.538461208,78.0000992,0.461538762,1,0,0,0,0,15,0,0,0,0,0,13.5,0,0,0,0,0,0,0
21,0,-12.7329742,1.03780551,0.260301173,0.00030079711,0.538461208,78.0000992,0.461538762,1,0,0,0,0,15,0,0,0,0,0,13.5,0,0,0,0,0,0,0
21,0,0,0.429618988,0.180338919,0.00030079711,0.582839906,70.5000992,0.417160094,1,0,0,0,0,7.5,0,0,14,52.5,52.5,6,0,0,0,0,0,52.5,0
21,23,-2.63231156,0.429618988,0.180338919,0.00030079711,0.582839906,70.5000992,0.417160094,1,0,0,0,0,7.5,0,0,14,52.5,52.5,6,0,0,0,0,0,52.5,0
21,15,0,0.163060468,0.078025803,0.00030079711,0.636094332,61.5000954,0.363905698,1,0,0,0,0,0,0,0,5,43.5,43.5,0,0,0,0,0,0,43.5,0
21,0,-1.04108419,0.163060468,0.078025803,0.00030079711,0.636094332,61.5000954,0.363905698,1,0,0,0,0,0,0,0,5,43.5,43.5,0,0,0,0,0,0,43.5,0
21,23,-4.62727883,0.163060468,0.078025803,0.00030079711,0.636094332,61.5000954,0.363905698,1,0,0,0,0,0,0,0,5,43.5,43.5,0,0,0,0,0,0,43.5,0
21,23,0,0.1,0.163961112,0.00030079711,0.677514434,54.5000954,0.322485596,1,0,0,0,0,0,0,0,0,36.5,36.5,9.5,0,0,0,0,0,36.5,0
21,12,-0.252351331,0.1,0.163961112,0.00030079711,0.677514434,54.5000954,0.322485596,1,0,0,0,0,0,0,0,0,36.5,36.5,9.5,0,0,0,0,0,36.5,0
21,9,-2.22777456,0.1,0.163961112,0.00030079711,0.677514434,54.5000954,0.322485596,1,0,0,0,0,0,0,0,0,36.5,36.5,9.5,0,0,0,0,0,36.5,0
21,0,-2.67921939,0.1,0.163961112,0.00030079711,0.677514434,54.5000954,0.322485596,1,0,0,0,0,0,0,0,0,36.5,36.5,9.5,0,0,0,0,0,36.5,0
21,0,0,0.237084667,0.078025803,0.00030079711,0.727218509,46.1000938,0.272781461,1,0,0,6.0999999,0,0,0,0,11.6000004,28.1000004,28.1000004,1.10000002,0,0,0,0,0,28.1000004,0
21,23,-1.44147671,0.237084667,0.078025803,0.00030079711,0.727218509,46.1000938,0.272781461,1,0,0,6.0999999,0,0,0,0,11.6000004,28.1000004,28.1000004,1.10000002,0,0,0,0,0,28.1000004,0
21,0,0,0.687518715,0.163961112,0.00030079711,0.768638611,39.1000938,0.231361374,1,0,0,8.5,0,0,0,0,4.5999999,21.1000004,21.1000004,11,0,0,0,0,0,21.1000004,0
21,10,-4.09051692,0.687518715,0.163961112,0.00030079711,0.768638611,39.1000938,0.231361374,1,0,0,8.5,0,0,0,0,4.5999999,21.1000004,21.1000004,11,0,0,0,0,0,21.1000004,0
21,23,-4.56602044,0.687518715,0.163961112,0.00030079711,0.768638611,39.1000938,0.231361374,1,0,0,8.5,0,0,0,0,4.5999999,21.1000004,21.1000004,11,0,0,0,0,0,21.1000004,0
21,0,0,0.1,0.258374363,0.00030079711,0.813017309,31.6000957,0.186982706,1,0,0,5,0,0,0,0,18,13.6000004,13.6000004,3.5,0,0,0,0,0,13.6000004,0
21,23,-0.0127309081,0.1,0.258374363,0.00030079711,0.813017309,31.6000957,0.186982706,1,0,0,5,0,0,0,0,18,13.6000004,13.6000004,3.5,0,0,0,0,0,13.6000004,0
21,10,-3.63000462,0.1,0.258374363,0.00030079711,0.813017309,31.6000957,0.186982706,1,0,0,5,0,0,0,0,18,13.6000004,13.6000004,3.5,0,0,0,0,0,13.6000004,0
21,23,0,0.417746876,0.156061232,0.00030079711,0.860354543,23.6000957,0.139645457,1,0,0,10,0,0,0,0,10,5.5999999,5.5999999,12.5,0,0,0,0,0,5.5999999,0
21,0,-1.83151196,0.417746876,0.156061232,0.00030079711,0.860354543,23.6000957,0.139645457,1,0,0,10,0,0,0,0,10,5.5999999,5.5999999,12.5,0,0,0,0,0,5.5999999,0
21,10,-3.56404297,0.417746876,0.156061232,0.00030079711,0.860354543,23.6000957,0.139645457,1,0,0,10,0,0,0,0,10,5.5999999,5.5999999,12.5,0,0,0,0,0,5.5999999,0
21,5,0,0.914925865,0.0616479926,0.00030079711,0.913017213,14.7000952,0.0869827643,1,0,0,10,0,0,0,0,1.10000002,0,0,3.5999999,0,0,0,0,0,0,0
21,0,-2.26511111,0.914925865,0.0616479926,0.00030079711,0.913017213,14.7000952,0.0869827643,1,0,0,10,0,0,0,0,1.10000002,0,0,3.5999999,0,0,0,0,0,0,0
21,0,0,1,0.00750488928,0.00030079711,0.956804216,7.30009556,0.0431958064,1,0,0,2.5999999,0,0,0,0,15.6000004,16.6000004,0,0,0,0,0,0,0,0,0
21,0,0,0.1,0.0934402049,0.00030079711,0.998224258,0.300095558,0.00177571236,1,0,0,10,0,0,0,0,8.60000038,9.60000038,0,11,0,0,0,0,0,0,0
21,10,0,0.1,0.0934402049,0.00030079711,0.998224258,0.300095558,0.00177571236,1,0,0,10,0,0,0,0,8.60000038,9.60000038,0,11,0,0,0,0,0,0,0
21,23,0,0.1,0.0934402049,0.00030079711,0.998224258,0.300095558,0.00177571236,1,0,0,10,0,0,0,0,8.60000038,9.60000038,0,11,0,0,0,0,0,0,0
22,6,0,0.180287124,1,1,0,151.644531,1,1,0,0,0,0,15,0,0,0,0,0,0,0,0,0,0,0,0,0
22,23,-1.95487335,0.180287124,1,1,0,151.644531,1,1,0,0,0,0,15,0,0,0,0,0,0,0,0,0,0,0,0,0
22,5,-2.91720476,0.180287124,1,1,0,151.644531,1,1,0,0,0,0,15,0,0,0,0,0,0,0,0,0,0,0,0,0
22,12,-22.1219394,0.180287124,1,1,0,151.644531,1,1,0,0,0,0,15,0,0,0,0,0,0,0,0,0,0,0,0,0
22,15,-37.2891025,0.180287124,1,1,0,151.644531,1,1,0,0,0,0,15,0,0,0,0,0,0,0,0,0,0,0,0,0
22,15,0,0.890994246,1,0.741314471,0.0428633951,145.144531,0.957136631,1,0,0,0,0,8.5,0,0,16.5,17.5,0,0,0,0,0,0,0,0,0
22,23,-13.3568349,0.890994246,1,0.741314471,0.0428633951,145.144531,0.957136631,1,0,0,0,0,8.5,0,0,16.5,17.5,0,0,0,0,0,0,0,0,0
22,0,0,0.321370794,0.708667696,0.741314471,0.102212712,136.144531,0.897787273,1,0,0,0,0,0,0,0,7.5,8.5,0,7.5,0,0,0,0,0,0,0
22,23,-3.88035474,0.321370794,0.708667696,0.741314471,0.102212712,136.144531,0.897787273,1,0,0,0,0,0,0,0,7.5,8.5,0,7.5,0,0,0,0,0,0,0
22,5,0,0.32943511,0.605583847,0.611971736,0.16156204,127.144539,0.838437974,1,0,0,0,0,0,0,0,0,0,0,0,0,0,0,0,0,0,0
22,6,-3.74823987,0.32943511,0.605583847,0.611971736,0.16156204,127.144539,0.838437974,1,0,0,0,0,0,0,0,0,0,0,0,0,0,0,0,0,0,0
22,15,-27.1646567,0.32943511,0.605583847,0.611971736,0.16156204,127.144539,0.838437974,1,0,0,0,0,0,0,0,0,0,0,0,0,0,0,0,0,0,0
22,23,-34.0460175,0.32943511,0.605583847,0.611971736,0.16156204,127.144539,0.838437974,1,0,0,0,0,0,0,0,0,0,0,0,0,0,0,0,0,0,0
22,0,-36.8080294,0.32943511,0.605583847,0.611971736,0.16156204,127.144539,0.838437974,1,0,0,0,0,0,0,0,0,0,0,0,0,0,0,0,0,0,0
22,12,-40.9511486,0.32943511,0.605583847,0.611971736,0.16156204,127.144539,0.838437974,1,0,0,0,0,0,0,0,0,0,0,0,0,0,0,0,0,0,0
22,23,0,0.426121704,0.361458212,0.611971736,0.207722619,120.144539,0.792277396,1,0,0,0,0,0,0,0,16.5,17,0,15,0,0,0,0,0,0,0
22,0,-4.77805221,0.426121704,0.361458212,0.611971736,0.207722619,120.144539,0.792277396,1,0,0,0,0,0,0,0,16.5,17,0,15,0,0,0,0,0,0,0
22,0,0,1,0.0701259151,0.611971736,0.273666292,110.144539,0.726333678,1,0,0,0,0,0,0,0,6.5,7,0,5,0,0,4,0,0,0,0
22,12,0,0.198645001,0.345080405,0.223943457,0.319826871,103.144539,0.680173099,1,0,0,0,0,0,0,0,0,0,0,0,0,0,4,0,0,0,0
22,23,-2.01591195,0.198645001,0.345080405,0.223943457,0.319826871,103.144539,0.680173099,1,0,0,0,0,0,0,0,0,0,0,0,0,0,4,0,0,0,0
22,0,-10.6441445,0.198645001,0.345080405,0.223943457,0.319826871,103.144539,0.680173099,1,0,0,0,0,0,0,0,0,0,0,0,0,0,4,0,0,0,0
22,15,-13.3444337,0.198645001,0.345080405,0.223943457,0.319826871,103.144539,0.680173099,1,0,0,0,0,0,0,0,0,0,0,0,0,0,4,0,0,0,0
22,0,0,0.196409975,0.0614553131,0.223943457,0.375879019,94.6445389,0.62412101,1,0,0,0,0,0,0,0,11.5,0,0,10,0,0,0,0,0,0,0
22,6,-1.64475249,0.196409975,0.0614553131,0.223943457,0.375879019,94.6445389,0.62412101,1,0,0,0,0,0,0,0,11.5,0,0,10,0,0,0,0,0,0,0
22,5,-12.6802824,0.196409975,0.0614553131,0.223943457,0.375879019,94.6445389,0.62412101,1,0,0,0,0,0,0,0,11.5,0,0,10,0,0,0,0,0,0,0
22,6,0,0.939490347,0.147390634,0.00030079711,0.428633958,86.6445389,0.571366012,1,0,0,0,0,0,0,0,3.5,0,0,2,0,0,0,0,0,0,0
22,0,-8.20652084,0.939490347,0.147390634,0.00030079711,0.428633958,86.6445389,0.571366012,1,0,0,0,0,0,0,0,3.5,0,0,2,0,0,0,0,0,0,0
22,23,-11.7789295,0.939490347,0.147390634,0.00030079711,0.428633958,86.6445389,0.571366012,1,0,0,0,0,0,0,0,3.5,0,0,2,0,0,0,0,0,0,0
22,5,-11.9362699,0.939490347,0.147390634,0.00030079711,0.428633958,86.6445389,0.571366012,1,0,0,0,0,0,0,0,3.5,0,0,2,0,0,0,0,0,0,0
22,15,0,0.604642093,0.24180387,0.00030079711,0.478091747,79.1445389,0.521908283,1,0,0,0,0,0,0,0,18,0,0,0,0,0,0,0,0,0,0
22,6,-3.32992706,0.604642093,0.24180387,0.00030079711,0.478091747,79.1445389,0.521908283,1,0,0,0,0,0,0,0,18,0,0,0,0,0,0,0,0,0,0
22,23,-6.53470174,0.604642093,0.24180387,0.00030079711,0.478091747,79.1445389,0.521908283,1,0,0,0,0,0,0,0,18,0,0,0,0,0,0,0,0,0,0
22,5,-9.39790815,0.604642093,0.24180387,0.00030079711,0.478091747,79.1445389,0.521908283,1,0,0,0,0,0,0,0,18,0,0,0,0,0,0,0,0,0,0
22,0,-17.9886236,0.604642093,0.24180387,0.00030079711,0.478091747,79.1445389,0.521908283,1,0,0,0,0,0,0,0,18,0,0,0,0,0,0,0,0,0,0
22,23,0,0.714622459,0.139490753,0.00030079711,0.530846655,71.1445389,0.469153315,1,0,0,0,0,0,0,0,10,0,0,8.5,0,0,0,0,0,0,0
22,6,-4.87135649,0.714622459,0.139490753,0.00030079711,0.530846655,71.1445389,0.469153315,1,0,0,0,0,0,0,0,10,0,0,8.5,0,0,0,0,0,0,0
22,5,-13.1962547,0.714622459,0.139490753,0.00030079711,0.530846655,71.1445389,0.469153315,1,0,0,0,0,0,0,0,10,0,0,8.5,0,0,0,0,0,0,0
22,0,-23.356377,0.714622459,0.139490753,0.00030079711,0.530846655,71.1445389,0.469153315,1,0,0,0,0,0,0,0,10,0,0,8.5,0,0,0,0,0,0,0
22,0,0,1,0.0518213101,0.00030079711,0.583601654,63.1445389,0.416398376,1,0,0,0,0,0,0,0,2,54.5,54.5,0.5,0,0,0,0,0,54.5,0
22,23,0,0.238747887,0.145463824,0.00030079711,0.626465023,56.6445389,0.373534977,1,0,0,0,0,10,0,0,16.5,48,48,11.5,0,0,0,0,0,48,0
22,0,-1.72446998,0.238747887,0.145463824,0.00030079711,0.626465023,56.6445389,0.373534977,1,0,0,0,0,10,0,0,16.5,48,48,11.5,0,0,0,0,0,48,0
22,9,0,1.3623969,0.0431507044,0.00030079711,0.685814321,47.6445389,0.314185649,1,0,0,0,0,1,0,0,7.5,39,39,2.5,0,0,0,0,0,39,0
22,0,-7.08781376,1.3623969,0.0431507044,0.00030079711,0.685814321,47.6445389,0.314185649,1,0,0,0,0,1,0,0,7.5,39,39,2.5,0,0,0,0,0,39,0
22,0,0,0.302800078,0.129856735,0.00030079711,0.7319749,40.6445389,0.26802507,1,0,0,0,0,0,0,0,0.5,32,32,13.5,0,0,0,0,0,32,0
22,9,-1.56337918,0.302800078,0.129856735,0.00030079711,0.7319749,40.6445389,0.26802507,1,0,0,0,0,0,0,0,0.5,32,32,13.5,0,0,0,0,0,32,0
22,23,-7.02826521,0.302800078,0.129856735,0.00030079711,0.7319749,40.6445389,0.26802507,1,0,0,0,0,0,0,0,0.5,32,32,13.5,0,0,0,0,0,32,0
22,9,0,0.698031428,0.412518412,0.00030079711,0.774838328,34.1445389,0.225161672,1,0,0,0,0,0,0,0,15,25.5,25.5,7,0,0,0,0,0,25.5,0
22,0,-3.11551498,0.698031428,0.412518412,0.00030079711,0.774838328,34.1445389,0.225161672,1,0,0,0,0,0,0,0,15,25.5,25.5,7,0,0,0,0,0,25.5,0
22,23,-4.30446991,0.698031428,0.412518412,0.00030079711,0.774838328,34.1445389,0.225161672,1,0,0,0,0,0,0,0,15,25.5,25.5,7,0,0,0,0,0,25.5,0
22,15,0,0.930759184,0.318875909,0.00030079711,0.833528221,25.2445374,0.166471794,1,0,0,7.5999999,0,0,0,0,6.0999999,16.6000004,16.6000004,0,0,0,0,0,0,16.6000004,0
22,0,-6.25398659,0.930759184,0.318875909,0.00030079711,0.833528221,25.2445374,0.166471794,1,0,0,7.5999999,0,0,0,0,6.0999999,16.6000004,16.6000004,0,0,0,0,0,0,16.6000004,0
22,23,-7.56314653,0.930759184,0.318875909,0.00030079711,0.833528221,25.2445374,0.166471794,1,0,0,7.5999999,0,0,0,0,6.0999999,16.6000004,16.6000004,0,0,0,0,0,0,16.6000004,0
22,0,0,1,0.0344801024,0.00030079711,0.889580369,16.7445374,0.110419661,1,0,0,8,0,0,0,0,18,8.10000038,8.10000038,8,0,0,0,0,0,8.10000038,0
22,23,0,0.392450866,0.129856735,0.00030079711,0.941675842,8.84453869,0.058324147,1,0,0,6.0999999,0,0,0,0,10.1000004,0.200000003,0.200000003,0.100000001,0,0,0,0,0,0.200000003,0
22,0,-1.34966097,0.392450866,0.129856735,0.00030079711,0.941675842,8.84453869,0.058324147,1,0,0,6.0999999,0,0,0,0,10.1000004,0.200000003,0.200000003,0.100000001,0,0,0,0,0,0.200000003,0
23,5,0,1.09077235,1,1,0,198.221191,1,1,0,0,0,0,15,0,0,0,0,0,0,0,0,0,0,0,0,0
23,6,-10.5613384,1.09077235,1,1,0,198.221191,1,1,0,0,0,0,15,0,0,0,0,0,0,0,0,0,0,0,0,0
23,12,-12.7893048,1.09077235,1,1,0,198.221191,1,1,0,0,0,0,15,0,0,0,0,0,0,0,0,0,0,0,0,0
23,23,-16.3784838,1.09077235,1,1,0,198.221191,1,1,0,0,0,0,15,0,0,0,0,0,0,0,0,0,0,0,0,0
23,15,-16.8178725,1.09077235,1,1,0,198.221191,1,1,0,0,0,0,15,0,0,0,0,0,0,0,0,0,0,0,0,0
23,23,0,1.63770379,0.944122791,0.870657265,0.0353140831,191.221191,0.964685917,1,0,0,0,0,8,0,0,16.5,17,0,0,0,0,0,0,0,0,0
23,0,-15.1872706,1.63770379,0.944122791,0.870657265,0.0353140831,191.221191,0.964685917,1,0,0,0,0,8,0,0,16.5,17,0,0,0,0,0,0,0,0,0
23,15,-20.1194471,1.63770379,0.944122791,0.870657265,0.0353140831,191.221191,0.964685917,1,0,0,0,0,8,0,0,16.5,17,0,0,0,0,0,0,0,0,0
23,15,0,0.727736796,0.926781595,0.611971736,0.0756730363,183.221191,0.924326956,1,0,0,0,0,0,0,0,8.5,9,0,0,0,0,0,0,0,0,0
23,23,-7.26900307,0.727736796,0.926781595,0.611971736,0.0756730363,183.221191,0.924326956,1,0,0,0,0,0,0,0,8.5,9,0,0,0,0,0,0,0,0,0
23,0,-8.36467828,0.727736796,0.926781595,0.611971736,0.0756730363,183.221191,0.924326956,1,0,0,0,0,0,0,0,8.5,9,0,0,0,0,0,0,0,0,0
23,0,0,0.557815441,0.926781595,0.353286207,0.110987119,176.221191,0.889012873,1,0,0,0,0,0,0,0,1.5,2,0,15,0,0,0,0,0,0,0
23,23,-3.64339966,0.557815441,0.926781595,0.353286207,0.110987119,176.221191,0.889012873,1,0,0,0,0,0,0,0,1.5,2,0,15,0,0,0,0,0,0,0
23,23,0,0.204636628,0.934488773,0.0946006924,0.148823634,168.721191,0.851176381,1,0,0,0,0,0,0,0,18,0,0,7.5,0,0,4,0,0,0,0
23,0,-1.75674363,0.204636628,0.934488773,0.0946006924,0.148823634,168.721191,0.851176381,1,0,0,0,0,0,0,0,18,0,0,7.5,0,0,4,0,0,0,0
23,6,-8.86595111,0.204636628,0.934488773,0.0946006924,0.148823634,168.721191,0.851176381,1,0,0,0,0,0,0,0,18,0,0,7.5,0,0,4,0,0,0,0
23,5,-20.505328,0.204636628,0.934488773,0.0946006924,0.148823634,168.721191,0.851176381,1,0,0,0,0,0,0,0,18,0,0,7.5,0,0,4,0,0,0,0
23,23,0,0.399513381,0.985548973,0.00030079711,0.184137717,161.721191,0.815862298,1,0,0,0,0,0,0,0,11,54.5,54.5,0.5,0,0,4,0,0,54.5,0
23,0,-4.54976976,0.399513381,0.985548973,0.00030079711,0.184137717,161.721191,0.815862298,1,0,0,0,0,0,0,0,11,54.5,54.5,0.5,0,0,4,0,0,54.5,0
23,23,0,1,1,0.00030079711,0.2194518,154.721191,0.780548215,1,0,0,0,0,0,0,0,4,47.5,47.5,13.5,0,0,0,0,0,47.5,0
23,12,0,0.1,1,0.00030079711,0.259810746,146.721191,0.740189254,1,0,0,0,0,0,0,0,0,39.5,39.5,5.5,0,0,0,0,0,39.5,0
23,23,-0.575104229,0.1,1,0.00030079711,0.259810746,146.721191,0.740189254,1,0,0,0,0,0,0,0,0,39.5,39.5,5.5,0,0,0,0,0,39.5,0
23,0,0,0.190879651,0.85356313,0.00030079711,0.297647268,139.221191,0.702352703,1,0,0,0,0,0,0,0,12.5,32,32,15,0,0,0,0,0,32,0
23,23,-1.34061211,0.190879651,0.85356313,0.00030079711,0.297647268,139.221191,0.702352703,1,0,0,0,0,0,0,0,12.5,32,32,15,0,0,0,0,0,32,0
23,23,0,1.17791748,0.926781595,0.00030079711,0.338006228,131.221191,0.661993742,1,0,0,0,0,0,0,0,4.5,24,24,7,0,0,0,0,0,24,0
23,0,-11.6870697,1.17791748,0.926781595,0.00030079711,0.338006228,131.221191,0.661993742,1,0,0,0,0,0,0,0,4.5,24,24,7,0,0,0,0,0,24,0
23,15,0,0.622905694,0.643156469,0.00030079711,0.385932475,121.721199,0.614067495,1,0,0,0,0,0,0,0,15.5,14.5,14.5,0,0,0,0,0,0,14.5,0
23,0,-4.84804045,0.622905694,0.643156469,0.00030079711,0.385932475,121.721199,0.614067495,1,0,0,0,0,0,0,0,15.5,14.5,14.5,0,0,0,0,0,0,14.5,0
23,23,-11.2235859,0.622905694,0.643156469,0.00030079711,0.385932475,121.721199,0.614067495,1,0,0,0,0,0,0,0,15.5,14.5,14.5,0,0,0,0,0,0,14.5,0
23,23,0,0.928138179,0.729091823,0.00030079711,0.421246558,114.721199,0.578753412,1,0,0,0,0,0,0,0,8.5,7.5,7.5,9.5,0,0,0,0,0,7.5,0
23,0,-7.92311678,0.928138179,0.729091823,0.00030079711,0.421246558,114.721199,0.578753412,1,0,0,0,0,0,0,0,8.5,7.5,7.5,9.5,0,0,0,0,0,7.5,0
23,6,0,0.590064317,0.437759519,0.00030079711,0.471695274,104.721199,0.528304756,1,0,0,0,0,12.5,0,0,0,0,0,0,0,0,0,0,0,0,0
23,15,-4.97338154,0.590064317,0.437759519,0.00030079711,0.471695274,104.721199,0.528304756,1,0,0,0,0,12.5,0,0,0,0,0,0,0,0,0,0,0,0,0
23,5,-9.52795873,0.590064317,0.437759519,0.00030079711,0.471695274,104.721199,0.528304756,1,0,0,0,0,12.5,0,0,0,0,0,0,0,0,0,0,0,0,0
23,0,-9.96810165,0.590064317,0.437759519,0.00030079711,0.471695274,104.721199,0.528304756,1,0,0,0,0,12.5,0,0,0,0,0,0,0,0,0,0,0,0,0
23,23,-10.8138273,0.590064317,0.437759519,0.00030079711,0.471695274,104.721199,0.528304756,1,0,0,0,0,12.5,0,0,0,0,0,0,0,0,0,0,0,0,0
23,12,-12.0371855,0.590064317,0.437759519,0.00030079711,0.471695274,104.721199,0.528304756,1,0,0,0,0,12.5,0,0,0,0,0,0,0,0,0,0,0,0,0
23,6,0,0.1,0.335446388,0.00030079711,0.512054205,96.721199,0.487945795,1,0,0,0,0,4.5,0,0,0,0,0,8.5,0,0,0,0,0,0,0
23,0,-0.00212441591,0.1,0.335446388,0.00030079711,0.512054205,96.721199,0.487945795,1,0,0,0,0,4.5,0,0,0,0,0,8.5,0,0,0,0,0,0,0
23,5,-7.33217988,0.1,0.335446388,0.00030079711,0.512054205,96.721199,0.487945795,1,0,0,0,0,4.5,0,0,0,0,0,8.5,0,0,0,0,0,0,0
23,23,-18.2889198,0.1,0.335446388,0.00030079711,0.512054205,96.721199,0.487945795,1,0,0,0,0,4.5,0,0,0,0,0,8.5,0,0,0,0,0,0,0
23,12,-25.1479401,0.1,0.335446388,0.00030079711,0.512054205,96.721199,0.487945795,1,0,0,0,0,4.5,0,0,0,0,0,8.5,0,0,0,0,0,0,0
23,6,0,1.0541905,0.0672357157,0.00030079711,0.554935575,88.221199,0.445064396,1,0,0,0,0,0,0,0,15.5,0,0,0,0,0,4,0,0,0,0
23,5,-7.43566874,1.0541905,0.0672357157,0.00030079711,0.554935575,88.221199,0.445064396,1,0,0,0,0,0,0,0,15.5,0,0,0,0,0,4,0,0,0,0
23,0,-14.8827583,1.0541905,0.0672357157,0.00030079711,0.554935575,88.221199,0.445064396,1,0,0,0,0,0,0,0,15.5,0,0,0,0,0,4,0,0,0,0
23,23,0,0.461106848,0.168585435,0.00030079711,0.58520484,82.221199,0.41479519,1,0,0,0,0,0,0,0,9.5,54,54,13.5,0,0,4,0,0,54,0
23,0,-3.13699155,0.461106848,0.168585435,0.00030079711,0.58520484,82.221199,0.41479519,1,0,0,0,0,0,0,0,9.5,54,54,13.5,0,0,4,0,0,54,0
23,0,0,1,0.0655015931,0.00030079711,0.630608618,73.221199,0.369391352,1,0,0,10,0,0,0,0,0.5,45,45,4.5,0,0,4,0,0,45,0
23,23,0,0.232579277,0.159914836,0.00030079711,0.66844517,65.721199,0.33155483,1,0,0,8.5,0,0,0,0,14,37.5,37.5,0,0,0,0,0,0,37.5,0
23,0,-1.42477501,0.232579277,0.159914836,0.00030079711,0.66844517,65.721199,0.33155483,1,0,0,8.5,0,0,0,0,14,37.5,37.5,0,0,0,0,0,0,37.5,0
23,10,-3.57465799,0.232579277,0.159914836,0.00030079711,0.66844517,65.721199,0.33155483,1,0,0,8.5,0,0,0,0,14,37.5,37.5,0,0,0,0,0,0,37.5,0
23,15,-9.26779276,0.232579277,0.159914836,0.00030079711,0.66844517,65.721199,0.33155483,1,0,0,8.5,0,0,0,0,14,37.5,37.5,0,0,0,0,0,0,37.5,0
23,0,0,1,0.0576017126,0.00030079711,0.708804131,57.721199,0.291195899,1,0,0,10,0,0,0,0,6,29.5,29.5,11,0,0,0,0,0,29.5,0
23,12,0,1.05277847,0.14353703,0.00030079711,0.749163091,49.721199,0.250836939,1,0,0,10,0,0,0,0,0,21.5,21.5,3,0,0,0,0,0,21.5,0
23,0,-5.67486999,1.05277847,0.14353703,0.00030079711,0.749163091,49.721199,0.250836939,1,0,0,10,0,0,0,0,0,21.5,21.5,3,0,0,0,0,0,21.5,0
23,23,-8.95442843,1.05277847,0.14353703,0.00030079711,0.749163091,49.721199,0.250836939,1,0,0,10,0,0,0,0,0,21.5,21.5,3,0,0,0,0,0,21.5,0
23,10,-16.8518959,1.05277847,0.14353703,0.00030079711,0.749163091,49.721199,0.250836939,1,0,0,10,0,0,0,0,0,21.5,21.5,3,0,0,0,0,0,21.5,0
23,0,0,1,0.0576017126,0.00030079711,0.78649509,42.3211975,0.213504896,1,0,0,2.5999999,0,0,0,0,12.6000004,14.1000004,14.1000004,15,0,0,0,0,0,14.1000004,0
23,0,0,0.1,0.14353703,0.00030079711,0.82685405,34.3211975,0.17314595,1,0,0,8.5,0,0,0,0,4.5999999,6.0999999,6.0999999,7,0,0,0,0,0,6.0999999,0
23,23,-0.172093751,0.1,0.14353703,0.00030079711,0.82685405,34.3211975,0.17314595,1,0,0,8.5,0,0,0,0,4.5999999,6.0999999,6.0999999,7,0,0,0,0,0,6.0999999,0
23,10,-5.57580798,0.1,0.14353703,0.00030079711,0.82685405,34.3211975,0.17314595,1,0,0,8.5,0,0,0,0,4.5999999,6.0999999,6.0999999,7,0,0,0,0,0,6.0999999,0
23,5,0,0.656497022,0.0730161145,0.00030079711,0.867213011,26.3211975,0.132786989,1,0,0,8.5,0,0,0,0,0,0,0,0,0,0,0,0,0,0,0
23,0,-3.04075206,0.656497022,0.0730161145,0.00030079711,0.867213011,26.3211975,0.132786989,1,0,0,8.5,0,0,0,0,0,0,0,0,0,0,0,0,0,0,0
23,12,-9.27509198,0.656497022,0.0730161145,0.00030079711,0.867213011,26.3211975,0.132786989,1,0,0,8.5,0,0,0,0,0,0,0,0,0,0,0,0,0,0,0
23,10,-9.70116982,0.656497022,0.0730161145,0.00030079711,0.867213011,26.3211975,0.132786989,1,0,0,8.5,0,0,0,0,0,0,0,0,0,0,0,0,0,0,0
23,0,0,0.217701952,0.0653089136,0.00030079711,0.897482216,20.3211975,0.102517784,1,0,0,2.5,0,0,0,0,0,22.5,0,0,0,0,0,0,0,0,0
23,10,-0.955123651,0.217701952,0.0653089136,0.00030079711,0.897482216,20.3211975,0.102517784,1,0,0,2.5,0,0,0,0,0,22.5,0,0,0,0,0,0,0,0,0
23,9,0,1.22018296,0.158951432,0.00030079711,0.93027389,13.8211975,0.0697261319,1,0,0,0,0,13.5,0,0,16.5,16,0,11.5,0,0,0,0,0,0,0
23,23,-3.49337604,1.22018296,0.158951432,0.00030079711,0.93027389,13.8211975,0.0697261319,1,0,0,0,0,13.5,0,0,16.5,16,0,11.5,0,0,0,0,0,0,0
23,0,-3.61797953,1.22018296,0.158951432,0.00030079711,0.93027389,13.8211975,0.0697261319,1,0,0,0,0,13.5,0,0,16.5,16,0,11.5,0,0,0,0,0,0,0
23,23,0,1.79436656,0.106157094,0.00030079711,0.970128357,5.92119741,0.0298716668,1,0,0,10,0,5.5999999,0,0,8.60000038,8.10000038,0,3.5999999,0,0,0,0,0,0,0
23,0,-4.79299375,1.79436656,0.106157094,0.00030079711,0.970128357,5.92119741,0.0298716668,1,0,0,10,0,5.5999999,0,0,8.60000038,8.10000038,0,3.5999999,0,0,0,0,0,0,0
